ID,Timestamp,Moisture,Temp,Humidity,Water,Soil_Raw_Value,Soil_Status,Pump,Test,Soil_Type
1,2026-01-01 12:40:00,79.6,26.4,74.3,86.7,2552,WET,OFF,100,Clay
2,2026-01-03 03:10:00,63.1,22.0,38.2,69.2,1933,NORMAL,OFF,82,Loamy
3,2026-01-03 03:05:00,59.2,23.3,52.4,71.1,1405,NORMAL,OFF,52,Loamy
4,2026-01-05 05:55:00,27.5,34.4,34.4,15.7,437,DRY,ON,99,Sandy
5,2026-01-03 10:05:00,51.0,24.3,61.6,51.9,1374,NORMAL,OFF,93,Silty
6,2026-01-03 09:55:00,59.1,24.1,59.8,76.6,1891,NORMAL,OFF,83,Loamy
7,2026-01-04 14:55:00,14.8,37.8,20.1,24.8,1033,DRY,ON,73,Sandy
8,2026-01-03 12:20:00,38.2,29.8,45.0,39.0,1370,DRY,ON,66,Silty
9,2026-01-03 11:10:00,56.6,28.5,40.5,51.3,1109,NORMAL,OFF,82,Silty
10,2026-01-02 17:35:00,66.1,28.4,40.4,51.6,1777,NORMAL,OFF,57,Loamy
11,2026-01-03 02:15:00,69.0,29.1,62.9,49.5,2012,NORMAL,OFF,60,Loamy
12,2026-01-02 16:40:00,64.4,23.3,58.6,47.1,1528,NORMAL,OFF,52,Loamy
13,2026-01-05 10:55:00,13.8,26.5,17.0,22.0,453,DRY,ON,50,Sandy
14,2026-01-03 19:25:00,56.1,27.3,51.9,38.5,1203,NORMAL,OFF,79,Silty
15,2026-01-02 08:35:00,71.7,26.9,49.9,74.3,2323,WET,OFF,89,Clay
16,2026-01-01 18:45:00,88.7,27.5,52.4,73.6,2742,WET,OFF,78,Clay
17,2026-01-05 02:25:00,27.8,29.8,13.8,8.7,615,DRY,ON,83,Sandy
18,2026-01-01 10:10:00,91.3,20.6,73.1,90.8,2162,WET,OFF,56,Clay
19,2026-01-04 15:55:00,27.4,36.5,11.3,35.3,370,DRY,ON,70,Sandy
20,2026-01-04 04:15:00,51.4,31.0,48.1,62.1,1184,NORMAL,OFF,50,Silty
21,2026-01-04 22:00:00,36.4,31.0,20.9,36.4,475,DRY,ON,76,Sandy
22,2026-01-04 04:45:00,53.4,30.0,52.4,65.8,1263,NORMAL,OFF,54,Silty
23,2026-01-03 15:00:00,58.0,27.0,56.0,48.2,1149,NORMAL,OFF,99,Silty
24,2026-01-02 04:10:00,83.8,21.9,75.1,89.7,2961,WET,OFF,65,Clay
25,2026-01-01 10:05:00,74.6,25.2,63.8,71.7,2774,WET,OFF,79,Clay
26,2026-01-04 22:40:00,31.6,35.1,16.2,27.0,983,DRY,ON,100,Sandy
27,2026-01-02 10:40:00,72,32.7,45.2,72.8,1802,WET,OFF,100,Loamy
28,2026-01-02 07:50:00,86.1,22.4,53.5,100,2410,WET,OFF,62,Clay
29,2026-01-03 17:05:00,47.2,29.6,62.2,41.7,1184,NORMAL,OFF,82,Silty
30,2026-01-02 00:45:00,88.4,21.5,63.8,78.2,2758,WET,OFF,79,Clay
31,2026-01-01 18:00:00,85.0,30.1,85,98.9,2544,WET,OFF,95,Clay
32,2026-01-03 06:25:00,67.1,26.5,50.8,61.2,1623,NORMAL,OFF,93,Loamy
33,2026-01-05 03:50:00,13.6,35.1,35.1,41.2,782,DRY,ON,90,Sandy
34,2026-01-04 06:50:00,43.4,26.9,40.0,42.0,1038,NORMAL,OFF,95,Silty
35,2026-01-04 15:25:00,28.2,30.2,38.9,34.5,828,DRY,ON,89,Sandy
36,2026-01-03 13:15:00,50.3,27.0,65,69.7,1655,NORMAL,OFF,71,Silty
37,2026-01-01 14:15:00,83.2,22.4,78.8,96.6,2271,WET,OFF,95,Clay
38,2026-01-03 20:10:00,48.7,30.4,38.8,68.6,1149,NORMAL,OFF,98,Silty
39,2026-01-02 17:50:00,54.4,29.8,68.9,60.8,1350,NORMAL,OFF,66,Loamy
40,2026-01-05 06:05:00,20.6,38.8,25.0,29.9,713,DRY,ON,93,Sandy
41,2026-01-02 18:05:00,50.4,31.1,48.0,70.2,1960,NORMAL,OFF,87,Loamy
42,2026-01-03 16:25:00,44.4,22.3,52.2,36.8,1132,NORMAL,OFF,52,Silty
43,2026-01-01 22:05:00,74.0,28.6,53.5,91.3,2643,WET,OFF,72,Clay
44,2026-01-05 02:05:00,38.2,35.1,16.6,6.1,637,DRY,ON,62,Sandy
45,2026-01-02 01:35:00,69.8,28.6,60.6,78.7,2680,NORMAL,OFF,78,Clay
46,2026-01-02 17:00:00,66.6,23.7,67.6,46.0,1854,NORMAL,OFF,94,Loamy
47,2026-01-03 21:35:00,52.1,30.4,64.4,59.5,1163,NORMAL,OFF,74,Silty
48,2026-01-05 01:50:00,25.3,42,30.2,22.1,1063,DRY,ON,84,Sandy
49,2026-01-04 03:40:00,57.9,31.0,37.3,52.6,1652,NORMAL,OFF,86,Silty
50,2026-01-02 19:35:00,64.1,26.8,57.4,64.5,1624,NORMAL,OFF,85,Loamy
51,2026-01-01 21:25:00,88.4,20.5,51.0,84.4,2534,WET,OFF,67,Clay
52,2026-01-05 11:45:00,15.6,41.7,19.0,30.7,911,DRY,ON,78,Sandy
53,2026-01-01 13:30:00,86.7,27.8,48.0,83.0,2655,WET,OFF,76,Clay
54,2026-01-04 07:40:00,40.9,33.1,46.6,50.5,1139,NORMAL,OFF,62,Silty
55,2026-01-05 11:05:00,19.4,34.9,32.7,30.5,694,DRY,ON,70,Sandy
56,2026-01-02 14:30:00,63.7,24.6,57.9,73.1,1301,NORMAL,OFF,54,Loamy
57,2026-01-01 16:35:00,82.0,24.9,59.1,100,2546,WET,OFF,55,Clay
58,2026-01-02 23:55:00,58.1,30.9,61.7,52.3,1996,NORMAL,OFF,91,Loamy
59,2026-01-04 21:10:00,18.5,32.1,37.3,18.9,966,DRY,ON,79,Sandy
60,2026-01-01 21:40:00,88.6,23.2,52.1,83.8,2540,WET,OFF,95,Clay
61,2026-01-02 15:30:00,65.5,30.4,68.4,75.8,1317,NORMAL,OFF,50,Loamy
62,2026-01-04 02:20:00,54.8,23.0,63.0,61.8,1137,NORMAL,OFF,91,Silty
63,2026-01-04 23:35:00,38.1,35.3,39.2,36.9,497,DRY,ON,79,Sandy
64,2026-01-05 07:05:00,32.5,33.6,37.3,12.5,932,DRY,ON,52,Sandy
65,2026-01-02 16:55:00,60.5,32.7,69.9,76.0,2050,NORMAL,OFF,98,Loamy
66,2026-01-03 09:25:00,59.4,23.5,35.6,65.9,1816,NORMAL,OFF,59,Loamy
67,2026-01-04 21:25:00,16.4,34.8,33.8,40.0,855,DRY,ON,53,Sandy
68,2026-01-03 03:45:00,68.9,28.5,62.0,63.0,1974,NORMAL,OFF,82,Loamy
69,2026-01-01 23:10:00,90.0,27.4,78.8,98.2,2801,WET,OFF,92,Clay
70,2026-01-01 13:10:00,71.6,25.1,71.5,92.2,2424,WET,OFF,89,Clay
71,2026-01-02 18:55:00,56.4,31.0,67.1,47.2,1524,NORMAL,OFF,74,Loamy
72,2026-01-03 23:50:00,41.5,25.9,32.0,43.1,1094,NORMAL,OFF,51,Silty
73,2026-01-02 04:35:00,73.2,22.7,71.5,79.1,2404,WET,OFF,94,Clay
74,2026-01-02 09:00:00,85.7,29.4,78.3,71.3,2488,WET,OFF,90,Clay
75,2026-01-05 02:30:00,32.4,32.4,35.4,5.6,1059,DRY,ON,93,Sandy
76,2026-01-01 21:30:00,73.8,25.6,61.7,74.3,2794,WET,OFF,92,Clay
77,2026-01-04 10:30:00,52.6,33.0,45.3,39.5,1490,NORMAL,OFF,58,Silty
78,2026-01-02 19:20:00,51.8,23.4,60.1,81.8,1631,NORMAL,OFF,59,Loamy
79,2026-01-02 22:45:00,62.2,24.0,65.5,68.5,1658,NORMAL,OFF,66,Loamy
80,2026-01-01 09:25:00,76.1,27.0,75.1,71.6,2880,WET,OFF,83,Clay
81,2026-01-03 06:55:00,61.6,28.1,39.3,45.2,1910,NORMAL,OFF,85,Loamy
82,2026-01-04 17:35:00,32.1,34.5,37.6,20.4,1039,DRY,ON,63,Sandy
83,2026-01-03 01:25:00,54.2,27.7,56.8,73.0,1728,NORMAL,OFF,56,Loamy
84,2026-01-02 19:55:00,52.4,28.2,67.8,50.6,2063,NORMAL,OFF,72,Loamy
85,2026-01-04 10:45:00,48.8,26.8,53.9,38.5,1524,NORMAL,OFF,81,Silty
86,2026-01-05 10:15:00,12.3,40.4,29.3,43.5,757,DRY,ON,55,Sandy
87,2026-01-05 03:20:00,14.7,39.9,17.0,27.7,1025,DRY,ON,79,Sandy
88,2026-01-04 08:45:00,46.5,24.5,65,56.7,1212,NORMAL,OFF,55,Silty
89,2026-01-01 22:55:00,85.0,23.7,62.5,86.8,2495,WET,OFF,92,Clay
90,2026-01-05 07:50:00,35.4,40.2,29.2,31.5,455,DRY,ON,53,Sandy
91,2026-01-01 10:50:00,83.6,20.4,53.9,92.2,2678,WET,OFF,63,Clay
92,2026-01-04 03:50:00,46.0,24.9,55.5,65.1,1545,NORMAL,OFF,93,Silty
93,2026-01-04 09:00:00,39.3,30.2,38.4,74.3,1244,DRY,ON,91,Silty
94,2026-01-03 07:50:00,69.2,28.9,63.4,68.2,2087,NORMAL,OFF,52,Loamy
95,2026-01-03 19:55:00,56.2,25.3,50.5,43.3,1141,NORMAL,OFF,93,Silty
96,2026-01-01 12:15:00,89.2,24.8,84.7,70.5,2690,WET,OFF,77,Clay
97,2026-01-04 03:05:00,47.4,27.7,46.5,64.4,1431,NORMAL,OFF,68,Silty
98,2026-01-05 11:40:00,22.8,38.1,31.4,40.1,935,DRY,ON,52,Sandy
99,2026-01-01 13:25:00,79.9,27.8,55.3,77.4,2653,WET,OFF,74,Clay
100,2026-01-03 16:45:00,52.9,32.6,61.7,66.8,1059,NORMAL,OFF,67,Silty
101,2026-01-02 06:20:00,79.9,27.5,74.0,85.7,2622,WET,OFF,58,Clay
102,2026-01-02 04:45:00,86.3,24.2,85,100,2891,WET,OFF,68,Clay
103,2026-01-04 19:55:00,37.7,36.2,25.3,20.9,825,DRY,ON,66,Sandy
104,2026-01-03 12:55:00,39.2,31.6,49.2,60.2,1460,DRY,ON,66,Silty
105,2026-01-02 18:00:00,54.1,23.1,62.8,49.9,1363,NORMAL,OFF,64,Loamy
106,2026-01-02 21:40:00,60.4,25.6,44.7,63.3,1312,NORMAL,OFF,89,Loamy
107,2026-01-01 22:45:00,94.5,20.9,73.4,69.9,2824,WET,OFF,83,Clay
108,2026-01-05 09:30:00,26.1,37.9,32.8,36.1,843,DRY,ON,55,Sandy
109,2026-01-02 22:30:00,55.3,31.4,65.8,46.2,1497,NORMAL,OFF,62,Loamy
110,2026-01-01 15:25:00,82.2,23.1,50.8,74.7,2332,WET,OFF,95,Clay
111,2026-01-03 21:15:00,47.3,29.4,35.9,55.0,1184,NORMAL,OFF,94,Silty
112,2026-01-04 09:45:00,49.6,29.5,59.7,54.4,1681,NORMAL,OFF,85,Silty
113,2026-01-03 22:30:00,39.3,27.1,35.5,69.4,1337,DRY,ON,83,Silty
114,2026-01-02 23:10:00,55.9,31.9,64.8,63.4,1523,NORMAL,OFF,93,Loamy
115,2026-01-02 13:00:00,53.1,28.0,69.7,66.7,2074,NORMAL,OFF,96,Loamy
116,2026-01-03 18:15:00,49.9,27.6,36.7,46.6,1403,NORMAL,OFF,71,Silty
117,2026-01-04 10:15:00,45.5,28.0,36.1,47.1,1025,NORMAL,OFF,81,Silty
118,2026-01-04 17:00:00,28.9,41.3,32.1,22.9,378,DRY,ON,61,Sandy
119,2026-01-04 13:55:00,14.8,27.9,12.0,32.2,533,DRY,ON,59,Sandy
120,2026-01-05 07:45:00,19.7,34.7,15.3,32.3,1041,DRY,ON,53,Sandy
121,2026-01-03 19:45:00,42.5,25.4,44.8,40.5,1391,NORMAL,OFF,93,Silty
122,2026-01-04 18:05:00,39.9,41.0,39.0,27.9,396,DRY,ON,74,Sandy
123,2026-01-01 20:50:00,83.2,27.4,66.9,99.0,2868,WET,OFF,53,Clay
124,2026-01-03 23:15:00,44.6,25.4,55.4,71.6,1036,NORMAL,OFF,80,Silty
125,2026-01-05 09:15:00,28.6,40.6,38.0,13.3,430,DRY,ON,60,Sandy
126,2026-01-03 00:25:00,54.9,22.6,50.8,53.4,2092,NORMAL,OFF,98,Loamy
127,2026-01-04 14:05:00,20.2,35.6,25.1,28.4,903,DRY,ON,52,Sandy
128,2026-01-01 16:55:00,77.8,28.3,70.8,93.7,2308,WET,OFF,68,Clay
129,2026-01-05 09:45:00,12.1,42,31.9,21.6,764,DRY,ON,97,Sandy
130,2026-01-03 16:40:00,51.1,33.1,57.5,53.7,1654,NORMAL,OFF,85,Silty
131,2026-01-04 06:25:00,57.5,28.5,37.4,68.5,1218,NORMAL,OFF,87,Silty
132,2026-01-03 13:50:00,44.2,24.2,41.1,60.1,1134,NORMAL,OFF,60,Silty
133,2026-01-04 16:35:00,31.3,40.5,17.2,27.3,666,DRY,ON,93,Sandy
134,2026-01-03 08:55:00,62.0,27.3,55.7,70.9,1720,NORMAL,OFF,52,Loamy
135,2026-01-03 04:35:00,53.8,26.2,36.9,47.3,1573,NORMAL,OFF,60,Loamy
136,2026-01-03 17:00:00,57.0,28.3,51.0,64.8,1653,NORMAL,OFF,93,Silty
137,2026-01-04 22:30:00,39.4,40.0,36.3,44.0,779,DRY,ON,85,Sandy
138,2026-01-02 02:05:00,85.2,28.7,66.8,75.5,2305,WET,OFF,81,Clay
139,2026-01-04 21:15:00,15.7,32.7,31.3,41.6,1039,DRY,ON,80,Sandy
140,2026-01-01 10:20:00,80.0,29.5,72.8,73.5,2653,WET,OFF,98,Clay
141,2026-01-03 05:15:00,59.3,26.1,50.0,67.3,1433,NORMAL,OFF,66,Loamy
142,2026-01-04 02:05:00,57.4,21.0,52.8,74.1,1112,NORMAL,OFF,51,Silty
143,2026-01-02 00:35:00,89.2,25.6,51.7,100,2144,WET,OFF,66,Clay
144,2026-01-02 10:20:00,50.6,26.8,49.7,64.4,1378,NORMAL,OFF,65,Loamy
145,2026-01-05 03:45:00,16.1,35.1,28.1,16.5,358,DRY,ON,59,Sandy
146,2026-01-03 19:40:00,43.5,21.8,42.7,50.5,1030,NORMAL,OFF,67,Silty
147,2026-01-01 10:35:00,83.0,27.9,54.5,80.0,2159,WET,OFF,97,Clay
148,2026-01-05 11:00:00,30.6,39.7,11.3,12.5,357,DRY,ON,98,Sandy
149,2026-01-05 01:00:00,18.6,34.3,25.1,41.8,625,DRY,ON,76,Sandy
150,2026-01-02 19:00:00,56.7,31.2,64.6,52.0,1906,NORMAL,OFF,97,Loamy
151,2026-01-03 06:35:00,67.5,25.9,52.6,56.6,2002,NORMAL,OFF,55,Loamy
152,2026-01-03 05:55:00,67.7,22.3,53.1,75.8,1826,NORMAL,OFF,78,Loamy
153,2026-01-05 00:05:00,33.9,35.1,31.6,28.0,491,DRY,ON,78,Sandy
154,2026-01-01 19:50:00,77.0,30.9,77.7,78.3,2949,WET,OFF,63,Clay
155,2026-01-03 23:00:00,46.3,25.3,51.4,60.5,1011,NORMAL,OFF,94,Silty
156,2026-01-04 06:35:00,41.3,24.2,52.1,40.3,1647,NORMAL,OFF,99,Silty
157,2026-01-02 08:15:00,83.6,24.6,52.6,81.1,2488,WET,OFF,85,Clay
158,2026-01-04 22:35:00,36.5,40.2,19.4,18.5,636,DRY,ON,59,Sandy
159,2026-01-04 22:50:00,36.6,36.0,26.2,12.6,873,DRY,ON,98,Sandy
160,2026-01-02 04:25:00,73.6,23.6,74.3,91.1,2421,WET,OFF,84,Clay
161,2026-01-01 09:20:00,68.1,27.9,79.3,100,2880,NORMAL,OFF,90,Clay
162,2026-01-02 01:50:00,75.0,24.9,85,76.6,2602,WET,OFF,54,Clay
163,2026-01-04 01:25:00,49.3,25.4,52.8,41.9,1685,NORMAL,OFF,95,Silty
164,2026-01-04 20:20:00,24.9,34.0,29.7,34.5,1093,DRY,ON,89,Sandy
165,2026-01-03 10:10:00,45.9,23.6,49.5,57.3,1183,NORMAL,OFF,85,Silty
166,2026-01-05 00:15:00,37.2,33.6,11.4,31.7,803,DRY,ON,60,Sandy
167,2026-01-02 10:15:00,61.2,23.9,48.3,50.6,1608,NORMAL,OFF,59,Loamy
168,2026-01-02 21:20:00,60.9,22.9,66.6,73.6,1814,NORMAL,OFF,83,Loamy
169,2026-01-03 02:35:00,50.7,31.6,53.4,74.7,2041,NORMAL,OFF,92,Loamy
170,2026-01-03 10:55:00,57.5,22.1,40.1,51.0,1685,NORMAL,OFF,87,Silty
171,2026-01-05 08:00:00,12.4,28.4,10.4,35.1,1046,DRY,ON,56,Sandy
172,2026-01-03 18:50:00,55.1,22.5,35.1,73.0,1151,NORMAL,OFF,68,Silty
173,2026-01-02 06:35:00,93.2,20.8,83.2,67.5,2518,WET,OFF,91,Clay
174,2026-01-03 06:10:00,57.0,29.5,64.2,53.2,2019,NORMAL,OFF,97,Loamy
175,2026-01-05 09:40:00,24.7,34.1,28.2,5.1,489,DRY,ON,62,Sandy
176,2026-01-04 04:05:00,45.1,32.0,51.4,61.1,1279,NORMAL,OFF,67,Silty
177,2026-01-03 08:05:00,59.8,27.5,58.2,78.9,1928,NORMAL,OFF,98,Loamy
178,2026-01-03 12:50:00,53.7,24.9,48.3,57.7,1407,NORMAL,OFF,60,Silty
179,2026-01-05 10:25:00,30.4,34.7,19.2,18.2,1095,DRY,ON,86,Sandy
180,2026-01-03 19:10:00,39.2,23.6,56.3,45.9,1476,DRY,ON,50,Silty
181,2026-01-05 08:50:00,16.2,32.3,11.1,40.6,962,DRY,ON,71,Sandy
182,2026-01-05 00:55:00,37.0,30.7,38.2,41.5,403,DRY,ON,87,Sandy
183,2026-01-03 22:00:00,47.5,26.3,36.1,59.0,1250,NORMAL,OFF,67,Silty
184,2026-01-04 12:30:00,31.3,33.0,16.3,44.9,785,DRY,ON,54,Sandy
185,2026-01-02 10:35:00,71.3,23.5,46.2,82.9,1505,WET,OFF,61,Loamy
186,2026-01-02 04:00:00,90.0,24.1,77.4,100,2697,WET,OFF,94,Clay
187,2026-01-05 01:25:00,13.7,41.8,18.2,13.1,1046,DRY,ON,90,Sandy
188,2026-01-03 17:15:00,57.8,25.2,46.0,65.6,1440,NORMAL,OFF,70,Silty
189,2026-01-05 08:05:00,34.3,40.8,15.0,12.6,775,DRY,ON,70,Sandy
190,2026-01-04 20:50:00,24.1,34.4,24.9,25.8,1098,DRY,ON,81,Sandy
191,2026-01-02 02:50:00,79.2,27.0,66.7,92.1,2396,WET,OFF,65,Clay
192,2026-01-04 10:25:00,50.9,24.8,63.4,73.8,1587,NORMAL,OFF,86,Silty
193,2026-01-03 01:20:00,54.4,29.7,42.2,72.4,1309,NORMAL,OFF,92,Loamy
194,2026-01-01 21:35:00,76.3,22.4,85,69.3,2309,WET,OFF,58,Clay
195,2026-01-01 20:55:00,94.1,26.6,62.0,86.4,2317,WET,OFF,56,Clay
196,2026-01-02 15:25:00,71.2,32.3,39.6,79.4,1882,WET,OFF,84,Loamy
197,2026-01-04 07:25:00,48.3,21.9,38.2,52.8,1593,NORMAL,OFF,62,Silty
198,2026-01-03 04:10:00,53.3,28.6,66.0,65.5,2018,NORMAL,OFF,70,Loamy
199,2026-01-03 07:15:00,51.5,29.4,43.8,52.9,1894,NORMAL,OFF,71,Loamy
200,2026-01-03 17:10:00,44.8,23.1,65,52.7,1360,NORMAL,OFF,85,Silty
201,2026-01-03 02:10:00,55.1,26.4,68.7,55.9,1694,NORMAL,OFF,80,Loamy
202,2026-01-02 12:50:00,62.6,30.8,42.7,46.3,1530,NORMAL,OFF,60,Loamy
203,2026-01-01 16:15:00,90.3,20.8,57.1,82.4,2866,WET,OFF,78,Clay
204,2026-01-02 06:55:00,87.4,24.7,61.9,75.8,2571,WET,OFF,96,Clay
205,2026-01-01 11:55:00,75.2,28.7,50.5,99.3,2979,WET,OFF,79,Clay
206,2026-01-03 14:20:00,48.7,29.9,45.3,65.2,1306,NORMAL,OFF,77,Silty
207,2026-01-01 14:55:00,68.8,29.4,54.0,74.5,2916,NORMAL,OFF,88,Clay
208,2026-01-03 23:35:00,43.6,21.4,65,60.1,1169,NORMAL,OFF,74,Silty
209,2026-01-03 19:05:00,51.9,29.7,41.5,71.2,1539,NORMAL,OFF,60,Silty
210,2026-01-04 19:50:00,39.6,37.8,19.0,11.2,787,DRY,ON,54,Sandy
211,2026-01-04 11:00:00,55.5,22.1,58.3,52.8,1425,NORMAL,OFF,68,Silty
212,2026-01-04 00:35:00,55.8,28.0,30.1,36.2,1691,NORMAL,OFF,74,Silty
213,2026-01-05 05:00:00,22.5,36.4,15.4,33.8,888,DRY,ON,81,Sandy
214,2026-01-03 21:25:00,55.9,32.5,36.6,48.0,1664,NORMAL,OFF,100,Silty
215,2026-01-01 09:30:00,92.8,26.6,69.5,75.9,2471,WET,OFF,69,Clay
216,2026-01-05 11:15:00,12.1,40.0,22.1,35.1,492,DRY,ON,83,Sandy
217,2026-01-01 18:15:00,91.5,26.8,58.4,98.8,2246,WET,OFF,79,Clay
218,2026-01-04 15:30:00,35.9,42,38.0,32.3,411,DRY,ON,59,Sandy
219,2026-01-04 17:05:00,29.6,39.6,14.1,20.5,993,DRY,ON,57,Sandy
220,2026-01-02 21:45:00,63.4,30.6,38.9,51.0,1880,NORMAL,OFF,98,Loamy
221,2026-01-04 09:20:00,56.0,26.9,42.0,61.9,1067,NORMAL,OFF,79,Silty
222,2026-01-03 05:20:00,50.7,27.1,67.8,46.6,1630,NORMAL,OFF,99,Loamy
223,2026-01-05 09:20:00,32.2,31.6,15.3,16.8,642,DRY,ON,62,Sandy
224,2026-01-04 23:50:00,13.1,29.4,21.1,40.8,660,DRY,ON,59,Sandy
225,2026-01-04 18:55:00,18.9,36.0,12.8,18.2,641,DRY,ON,75,Sandy
226,2026-01-04 12:25:00,39.2,29.5,19.1,35.9,471,DRY,ON,59,Sandy
227,2026-01-04 14:30:00,21.0,28.9,11.4,38.0,707,DRY,ON,98,Sandy
228,2026-01-04 06:40:00,41.2,32.4,35.0,35.3,1091,NORMAL,OFF,87,Silty
229,2026-01-04 16:15:00,21.2,38.1,21.7,32.2,591,DRY,ON,56,Sandy
230,2026-01-04 15:40:00,29.7,40.3,18.0,16.1,514,DRY,ON,75,Sandy
231,2026-01-05 04:45:00,18.8,27.6,28.5,9.5,898,DRY,ON,65,Sandy
232,2026-01-01 09:40:00,82.4,21.4,76.6,100,2269,WET,OFF,77,Clay
233,2026-01-03 09:00:00,50.7,28.5,39.7,65.5,1886,NORMAL,OFF,60,Loamy
234,2026-01-04 15:00:00,39.1,31.7,29.1,43.2,427,DRY,ON,68,Sandy
235,2026-01-03 08:45:00,57.8,24.5,53.0,56.2,1453,NORMAL,OFF,73,Loamy
236,2026-01-02 01:20:00,84.3,24.7,78.1,83.1,2143,WET,OFF,89,Clay
237,2026-01-02 10:50:00,62.8,28.0,58.9,67.0,2044,NORMAL,OFF,95,Loamy
238,2026-01-04 05:55:00,38.7,21.7,56.9,36.7,1121,DRY,ON,91,Silty
239,2026-01-05 03:00:00,35.5,32.5,24.2,42.5,405,DRY,ON,65,Sandy
240,2026-01-04 01:40:00,44.5,29.4,35.5,43.7,1142,NORMAL,OFF,98,Silty
241,2026-01-03 09:50:00,61.4,26.7,43.9,75.6,1385,NORMAL,OFF,84,Loamy
242,2026-01-05 01:35:00,31.6,39.9,31.8,44.0,792,DRY,ON,70,Sandy
243,2026-01-04 22:05:00,33.5,27.6,35.0,20.4,643,DRY,ON,73,Sandy
244,2026-01-02 23:30:00,60.8,24.6,37.0,79.3,1914,NORMAL,OFF,70,Loamy
245,2026-01-03 04:25:00,64.4,29.8,61.6,67.5,1896,NORMAL,OFF,92,Loamy
246,2026-01-02 10:30:00,56.9,28.8,63.1,58.2,1642,NORMAL,OFF,91,Loamy
247,2026-01-02 19:30:00,63.3,29.3,55.5,58.5,1630,NORMAL,OFF,60,Loamy
248,2026-01-04 00:00:00,44.2,25.3,59.0,38.9,1528,NORMAL,OFF,58,Silty
249,2026-01-02 05:40:00,84.5,27.0,65.2,80.7,2435,WET,OFF,61,Clay
250,2026-01-04 19:45:00,26.8,39.1,12.5,22.6,431,DRY,ON,59,Sandy
251,2026-01-02 06:05:00,78.1,27.7,82.8,96.8,2921,WET,OFF,65,Clay
252,2026-01-05 06:10:00,33.1,38.3,30.7,17.7,951,DRY,ON,58,Sandy
253,2026-01-02 23:40:00,57.6,22.4,59.8,67.9,1494,NORMAL,OFF,95,Loamy
254,2026-01-04 18:50:00,36.9,37.7,27.5,41.0,888,DRY,ON,54,Sandy
255,2026-01-02 12:40:00,65.5,31.5,68.3,64.4,1499,NORMAL,OFF,85,Loamy
256,2026-01-03 07:55:00,60.0,28.0,70.0,63.9,2093,NORMAL,OFF,75,Loamy
257,2026-01-01 22:20:00,83.6,27.5,85,90.1,2739,WET,OFF,70,Clay
258,2026-01-02 02:20:00,94.3,27.1,68.0,89.8,2452,WET,OFF,85,Clay
259,2026-01-05 11:10:00,34.9,42,30.0,21.3,408,DRY,ON,56,Sandy
260,2026-01-01 14:30:00,91.0,26.6,53.0,99.7,2901,WET,OFF,92,Clay
261,2026-01-04 13:35:00,32.8,41.3,15.1,19.1,553,DRY,ON,75,Sandy
262,2026-01-02 22:50:00,68.6,29.6,45.0,60.5,1466,NORMAL,OFF,99,Loamy
263,2026-01-01 23:25:00,91.9,20.4,59.4,96.6,2234,WET,OFF,61,Clay
264,2026-01-04 05:40:00,51.2,24.9,44.6,39.3,1367,NORMAL,OFF,90,Silty
265,2026-01-01 22:15:00,72.1,28.4,52.5,100,2743,WET,OFF,98,Clay
266,2026-01-03 09:30:00,63.3,24.0,66.6,69.0,1844,NORMAL,OFF,57,Loamy
267,2026-01-02 17:10:00,55.8,32.8,49.7,83.4,1445,NORMAL,OFF,55,Loamy
268,2026-01-02 13:10:00,68.8,22.4,44.2,79.5,1389,NORMAL,OFF,57,Loamy
269,2026-01-03 20:30:00,47.5,27.5,50.3,63.5,1382,NORMAL,OFF,74,Silty
270,2026-01-02 07:40:00,74.9,23.6,52.5,81.4,2479,WET,OFF,62,Clay
271,2026-01-03 06:15:00,64.2,29.1,67.9,74.9,1457,NORMAL,OFF,95,Loamy
272,2026-01-04 01:00:00,43.2,25.7,39.1,71.7,1338,NORMAL,OFF,70,Silty
273,2026-01-02 23:25:00,62.9,31.5,44.1,73.4,1967,NORMAL,OFF,59,Loamy
274,2026-01-01 12:50:00,90.1,28.3,72.2,74.1,2303,WET,OFF,80,Clay
275,2026-01-05 05:50:00,38.6,41.2,16.8,33.0,564,DRY,ON,100,Sandy
276,2026-01-03 21:10:00,53.5,24.7,37.9,46.8,1055,NORMAL,OFF,59,Silty
277,2026-01-04 05:30:00,46.0,29.2,65,38.6,1547,NORMAL,OFF,71,Silty
278,2026-01-01 23:05:00,86.9,24.3,72.7,100,2417,WET,OFF,71,Clay
279,2026-01-04 17:30:00,23.2,33.4,17.8,8.0,726,DRY,ON,50,Sandy
280,2026-01-03 17:25:00,46.9,26.2,53.5,74.3,1610,NORMAL,OFF,58,Silty
281,2026-01-02 12:15:00,59.0,26.3,48.7,49.6,1660,NORMAL,OFF,89,Loamy
282,2026-01-01 17:45:00,70.7,30.0,46.5,75.2,2991,WET,OFF,80,Clay
283,2026-01-01 09:05:00,81.8,21.0,51.0,70.1,2742,WET,OFF,88,Clay
284,2026-01-03 22:40:00,47.7,30.0,63.3,74.5,1294,NORMAL,OFF,70,Silty
285,2026-01-03 00:15:00,54.1,31.4,39.8,53.0,1719,NORMAL,OFF,79,Loamy
286,2026-01-04 17:45:00,28.8,42,18.5,32.9,778,DRY,ON,51,Sandy
287,2026-01-02 01:45:00,74.7,21.2,75.1,89.8,2496,WET,OFF,99,Clay
288,2026-01-04 15:05:00,19.4,33.0,27.2,33.8,989,DRY,ON,87,Sandy
289,2026-01-04 07:00:00,42.7,22.5,51.8,38.8,1370,NORMAL,OFF,84,Silty
290,2026-01-02 20:55:00,59.0,23.3,62.5,63.8,1976,NORMAL,OFF,91,Loamy
291,2026-01-02 08:40:00,85.2,30.3,84.8,88.2,2116,WET,OFF,50,Clay
292,2026-01-03 07:45:00,67.1,24.2,60.7,70.1,2044,NORMAL,OFF,51,Loamy
293,2026-01-04 09:40:00,43.8,21.8,62.4,44.3,1532,NORMAL,OFF,76,Silty
294,2026-01-04 07:30:00,52.9,32.7,36.7,39.4,1233,NORMAL,OFF,97,Silty
295,2026-01-01 13:20:00,80.2,28.3,82.4,78.9,2896,WET,OFF,67,Clay
296,2026-01-03 04:55:00,50,26.2,49.6,76.5,2001,NORMAL,OFF,85,Loamy
297,2026-01-04 10:40:00,44.5,28.9,36.0,56.1,1284,NORMAL,OFF,55,Silty
298,2026-01-02 07:15:00,76.6,26.6,77.8,83.2,2409,WET,OFF,83,Clay
299,2026-01-01 10:25:00,90.9,21.8,65.4,79.7,2510,WET,OFF,50,Clay
300,2026-01-01 18:25:00,94.7,23.3,84.7,96.0,2567,WET,OFF,74,Clay
301,2026-01-03 02:25:00,69.9,28.7,65.2,80.2,2044,NORMAL,OFF,58,Loamy
302,2026-01-02 10:25:00,64.7,27.5,56.6,63.3,1438,NORMAL,OFF,75,Loamy
303,2026-01-04 02:00:00,38.2,33.8,42.5,40.1,1301,DRY,ON,85,Silty
304,2026-01-04 20:10:00,34.6,32.1,37.5,37.9,566,DRY,ON,88,Sandy
305,2026-01-03 21:05:00,49.2,27.7,52.7,37.0,1298,NORMAL,OFF,69,Silty
306,2026-01-05 04:50:00,13.5,41.4,36.2,36.4,948,DRY,ON,55,Sandy
307,2026-01-04 11:40:00,27.8,42,28.8,22.2,1060,DRY,ON,96,Sandy
308,2026-01-03 13:20:00,46.4,29.0,43.2,71.3,1081,NORMAL,OFF,64,Silty
309,2026-01-01 14:00:00,80.3,23.7,85,78.1,2951,WET,OFF,80,Clay
310,2026-01-03 20:50:00,38.8,30.6,46.9,47.5,1626,DRY,ON,86,Silty
311,2026-01-05 00:30:00,37.1,28.7,38.1,9.4,369,DRY,ON,95,Sandy
312,2026-01-01 22:30:00,76.4,25.0,53.2,99.3,2178,WET,OFF,55,Clay
313,2026-01-04 07:55:00,41.1,31.3,65,71.2,1591,NORMAL,OFF,64,Silty
314,2026-01-04 05:25:00,54.4,27.3,49.9,72.4,1367,NORMAL,OFF,69,Silty
315,2026-01-04 18:20:00,15.3,28.9,13.8,41.5,637,DRY,ON,68,Sandy
316,2026-01-02 18:35:00,61.0,29.1,62.9,55.0,1856,NORMAL,OFF,74,Loamy
317,2026-01-04 19:10:00,21.1,38.1,32.0,44.5,932,DRY,ON,91,Sandy
318,2026-01-02 12:25:00,57.0,24.6,39.1,59.9,1444,NORMAL,OFF,76,Loamy
319,2026-01-03 23:25:00,56.6,21.7,48.1,57.6,1694,NORMAL,OFF,84,Silty
320,2026-01-03 09:35:00,54.5,29.3,66.6,66.6,1301,NORMAL,OFF,99,Loamy
321,2026-01-02 19:15:00,50,22.6,56.1,45.8,1789,NORMAL,OFF,89,Loamy
322,2026-01-04 10:50:00,44.4,28.9,63.4,71.3,1369,NORMAL,OFF,95,Silty
323,2026-01-01 09:55:00,83.9,20.1,78.5,74.3,2169,WET,OFF,54,Clay
324,2026-01-05 04:00:00,21.3,36.3,38.9,26.2,778,DRY,ON,100,Sandy
325,2026-01-01 12:45:00,92.3,28.8,55.5,73.3,2627,WET,OFF,55,Clay
326,2026-01-02 13:05:00,61.2,24.4,49.9,74.4,1969,NORMAL,OFF,69,Loamy
327,2026-01-02 23:15:00,64.3,28.9,55.5,45.3,1978,NORMAL,OFF,73,Loamy
328,2026-01-03 10:00:00,50,29.2,59.1,57.6,1670,NORMAL,OFF,77,Loamy
329,2026-01-02 11:50:00,50.4,30.8,67.5,74.6,1828,NORMAL,OFF,60,Loamy
330,2026-01-03 03:30:00,59.8,26.1,38.7,80.9,1804,NORMAL,OFF,95,Loamy
331,2026-01-03 19:00:00,48.8,23.6,50.0,45.3,1494,NORMAL,OFF,59,Silty
332,2026-01-05 07:35:00,30.4,39.9,23.1,20.8,635,DRY,ON,51,Sandy
333,2026-01-05 08:10:00,27.7,29.4,16.2,24.0,788,DRY,ON,72,Sandy
334,2026-01-01 12:20:00,68.0,30.2,67.7,96.1,2859,NORMAL,OFF,77,Clay
335,2026-01-03 03:20:00,58.6,30.4,56.0,73.7,1672,NORMAL,OFF,57,Loamy
336,2026-01-02 11:35:00,50.2,26.6,68.7,49.6,2047,NORMAL,OFF,69,Loamy
337,2026-01-02 03:25:00,81.4,29.7,71.8,81.6,2649,WET,OFF,58,Clay
338,2026-01-01 18:30:00,91.0,21.2,62.1,85.5,2402,WET,OFF,92,Clay
339,2026-01-03 20:15:00,44.4,33.6,65,47.1,1652,NORMAL,OFF,67,Silty
340,2026-01-04 13:20:00,20.7,42,23.3,25.8,647,DRY,ON,54,Sandy
341,2026-01-01 14:10:00,88.4,30.4,55.8,67.6,2256,WET,OFF,57,Clay
342,2026-01-05 06:55:00,37.5,41.0,23.8,29.3,443,DRY,ON,79,Sandy
343,2026-01-02 13:35:00,68.5,32.1,69.7,79.7,1429,NORMAL,OFF,58,Loamy
344,2026-01-05 11:25:00,23.6,29.0,39.6,41.5,679,DRY,ON,52,Sandy
345,2026-01-02 00:50:00,94.5,25.3,55.0,75.9,2833,WET,OFF,68,Clay
346,2026-01-04 01:05:00,47.1,21.4,49.7,49.1,1472,NORMAL,OFF,68,Silty
347,2026-01-01 15:00:00,86.9,23.0,47.8,100,2187,WET,OFF,85,Clay
348,2026-01-01 21:15:00,69.9,28.2,85,69.9,2643,NORMAL,OFF,71,Clay
349,2026-01-04 01:20:00,41.2,27.3,32.9,43.3,1605,NORMAL,OFF,77,Silty
350,2026-01-01 20:05:00,89.3,26.5,48.8,80.2,2229,WET,OFF,97,Clay
351,2026-01-02 11:40:00,57.1,30.6,53.2,58.9,1399,NORMAL,OFF,94,Loamy
352,2026-01-03 18:20:00,39.7,28.4,32.1,51.0,1087,DRY,ON,77,Silty
353,2026-01-04 21:30:00,40.0,34.2,17.8,33.5,528,NORMAL,OFF,52,Sandy
354,2026-01-03 14:50:00,57.4,21.3,65,46.3,1128,NORMAL,OFF,96,Silty
355,2026-01-01 16:05:00,68.9,23.2,61.8,100,2172,NORMAL,OFF,100,Clay
356,2026-01-04 03:25:00,55.2,21.2,36.3,42.0,1605,NORMAL,OFF,92,Silty
357,2026-01-02 22:35:00,66.6,24.7,51.0,81.7,2021,NORMAL,OFF,73,Loamy
358,2026-01-02 03:40:00,71.2,30.7,63.0,97.3,2447,WET,OFF,59,Clay
359,2026-01-04 02:35:00,48.2,28.2,46.3,49.2,1190,NORMAL,OFF,50,Silty
360,2026-01-03 00:05:00,57.0,31.4,51.5,79.7,1897,NORMAL,OFF,89,Loamy
361,2026-01-04 19:05:00,25.4,39.0,18.1,31.2,687,DRY,ON,78,Sandy
362,2026-01-04 02:10:00,42.7,30.1,44.2,47.7,1391,NORMAL,OFF,77,Silty
363,2026-01-04 21:40:00,34.0,40.9,33.1,28.5,504,DRY,ON,88,Sandy
364,2026-01-04 06:30:00,41.5,21.8,41.8,65.3,1172,NORMAL,OFF,85,Silty
365,2026-01-04 08:15:00,38.8,27.1,57.3,36.3,1543,DRY,ON,94,Silty
366,2026-01-01 17:55:00,78.3,23.5,77.4,95.9,2993,WET,OFF,65,Clay
367,2026-01-05 10:35:00,34.9,27.3,12.1,30.6,887,DRY,ON,77,Sandy
368,2026-01-04 11:30:00,35.4,34.1,29.6,42.1,777,DRY,ON,91,Sandy
369,2026-01-05 05:30:00,30.0,39.7,37.8,8.2,423,DRY,ON,71,Sandy
370,2026-01-04 00:45:00,52.0,29.0,43.8,67.7,1686,NORMAL,OFF,55,Silty
371,2026-01-03 20:40:00,42.5,29.7,40.7,43.2,1181,NORMAL,OFF,78,Silty
372,2026-01-01 16:45:00,85.9,24.4,77.3,68.8,2190,WET,OFF,99,Clay
373,2026-01-02 20:45:00,60.1,31.2,40.4,59.4,1737,NORMAL,OFF,92,Loamy
374,2026-01-02 17:30:00,68.1,30.1,46.1,55.9,1376,NORMAL,OFF,58,Loamy
375,2026-01-02 17:05:00,70.7,32.5,35.1,71.3,2055,WET,OFF,56,Loamy
376,2026-01-02 02:55:00,89.7,27.5,59.4,68.9,2161,WET,OFF,79,Clay
377,2026-01-02 22:40:00,66.6,27.6,57.2,50.0,1331,NORMAL,OFF,81,Loamy
378,2026-01-04 15:50:00,23.8,41.3,16.1,16.7,379,DRY,ON,92,Sandy
379,2026-01-02 18:30:00,62.9,27.5,65.9,64.2,1389,NORMAL,OFF,58,Loamy
380,2026-01-02 11:05:00,60.0,26.4,52.7,81.8,2008,NORMAL,OFF,52,Loamy
381,2026-01-04 23:10:00,39.7,37.5,36.8,27.5,896,DRY,ON,69,Sandy
382,2026-01-02 16:45:00,70.0,22.8,51.3,56.3,1618,WET,OFF,85,Loamy
383,2026-01-02 11:55:00,55.4,26.7,51.2,76.9,1944,NORMAL,OFF,90,Loamy
384,2026-01-04 20:35:00,24.2,38.3,33.7,9.5,658,DRY,ON,77,Sandy
385,2026-01-03 18:55:00,38.3,30.0,33.9,53.0,1023,DRY,ON,97,Silty
386,2026-01-04 13:00:00,27.0,42,13.0,12.4,866,DRY,ON,94,Sandy
387,2026-01-03 00:35:00,58.6,27.3,35.2,66.4,2048,NORMAL,OFF,50,Loamy
388,2026-01-04 05:05:00,43.2,21.5,30.6,64.1,1456,NORMAL,OFF,81,Silty
389,2026-01-05 07:40:00,29.0,29.0,13.7,35.3,522,DRY,ON,93,Sandy
390,2026-01-04 17:15:00,38.3,35.3,36.2,11.3,527,DRY,ON,68,Sandy
391,2026-01-03 07:30:00,69.1,32.5,40.9,57.5,1526,NORMAL,OFF,91,Loamy
392,2026-01-04 07:50:00,40.2,27.1,47.9,65.4,1225,NORMAL,OFF,88,Silty
393,2026-01-04 15:35:00,18.7,38.9,33.0,39.8,770,DRY,ON,54,Sandy
394,2026-01-01 15:35:00,81.3,29.6,73.8,84.1,2551,WET,OFF,66,Clay
395,2026-01-04 14:50:00,31.5,36.4,39.6,16.7,749,DRY,ON,81,Sandy
396,2026-01-03 02:40:00,70.2,27.7,59.1,69.7,1743,WET,OFF,65,Loamy
397,2026-01-02 21:00:00,59.3,24.0,66.0,59.8,1756,NORMAL,OFF,78,Loamy
398,2026-01-05 10:30:00,33.7,33.6,14.3,30.9,757,DRY,ON,60,Sandy
399,2026-01-05 04:20:00,22.1,42,16.0,16.7,574,DRY,ON,71,Sandy
400,2026-01-04 02:40:00,49.6,32.0,41.9,55.1,1420,NORMAL,OFF,86,Silty
401,2026-01-01 10:30:00,94.6,22.9,80.8,86.5,2533,WET,OFF,100,Clay
402,2026-01-03 18:10:00,44.5,30.1,39.2,61.9,1402,NORMAL,OFF,98,Silty
403,2026-01-01 20:35:00,82.9,29.5,64.9,98.8,2523,WET,OFF,76,Clay
404,2026-01-04 05:20:00,54.9,31.2,57.8,56.6,1003,NORMAL,OFF,94,Silty
405,2026-01-02 01:30:00,89.6,27.5,85,75.4,2722,WET,OFF,58,Clay
406,2026-01-02 19:40:00,67.2,32.2,62.5,53.9,1903,NORMAL,OFF,74,Loamy
407,2026-01-04 16:25:00,38.6,33.7,22.7,33.9,634,DRY,ON,73,Sandy
408,2026-01-05 10:45:00,34.8,29.8,11.8,13.7,546,DRY,ON,76,Sandy
409,2026-01-05 08:30:00,31.5,37.3,39.2,33.3,690,DRY,ON,94,Sandy
410,2026-01-03 21:45:00,41.6,30.3,44.4,47.4,1456,NORMAL,OFF,61,Silty
411,2026-01-03 04:05:00,69.9,30.4,44.6,83.5,1601,NORMAL,OFF,58,Loamy
412,2026-01-01 21:55:00,78.9,30.6,57.4,100,2571,WET,OFF,55,Clay
413,2026-01-01 23:45:00,81.6,24.6,53.0,73.1,2719,WET,OFF,91,Clay
414,2026-01-02 09:50:00,50.5,28.8,62.9,73.5,1384,NORMAL,OFF,74,Loamy
415,2026-01-04 12:05:00,28.2,41.5,10.4,24.2,731,DRY,ON,60,Sandy
416,2026-01-01 22:50:00,84.5,24.0,85,81.3,2893,WET,OFF,100,Clay
417,2026-01-03 13:25:00,44.3,29.5,54.5,59.2,1404,NORMAL,OFF,78,Silty
418,2026-01-03 06:40:00,56.0,32.2,48.3,77.9,1331,NORMAL,OFF,84,Loamy
419,2026-01-01 13:00:00,78.8,21.6,73.1,100,2981,WET,OFF,77,Clay
420,2026-01-05 08:55:00,15.8,33.0,33.6,5,774,DRY,ON,51,Sandy
421,2026-01-04 09:25:00,39.7,26.1,35.0,73.3,1078,DRY,ON,67,Silty
422,2026-01-02 19:10:00,69.8,31.2,63.4,83.8,1855,NORMAL,OFF,81,Loamy
423,2026-01-04 00:15:00,51.2,25.1,50.1,47.5,1214,NORMAL,OFF,62,Silty
424,2026-01-02 11:25:00,54.0,27.6,53.2,68.2,1889,NORMAL,OFF,73,Loamy
425,2026-01-04 11:45:00,28.1,40.9,14.9,7.5,677,DRY,ON,72,Sandy
426,2026-01-02 21:50:00,72,23.1,38.7,76.2,1592,WET,OFF,72,Loamy
427,2026-01-01 19:35:00,79.0,30.5,47.7,81.6,2554,WET,OFF,73,Clay
428,2026-01-01 13:45:00,92.2,25.4,60.0,84.7,2498,WET,OFF,75,Clay
429,2026-01-01 19:55:00,90.0,22.6,81.2,92.6,2710,WET,OFF,59,Clay
430,2026-01-01 14:20:00,71.1,29.0,85,76.2,2126,WET,OFF,74,Clay
431,2026-01-04 21:35:00,34.6,32.1,13.4,11.6,925,DRY,ON,71,Sandy
432,2026-01-01 09:45:00,94.0,30.2,81.2,91.6,2830,WET,OFF,91,Clay
433,2026-01-04 18:10:00,20.5,32.4,21.1,40.8,922,DRY,ON,60,Sandy
434,2026-01-03 20:05:00,57.9,33.7,35.0,72.3,1161,NORMAL,OFF,85,Silty
435,2026-01-04 05:10:00,41.0,29.3,61.6,61.6,1272,NORMAL,OFF,71,Silty
436,2026-01-03 00:50:00,52.0,22.5,68.2,63.2,1832,NORMAL,OFF,71,Loamy
437,2026-01-04 06:45:00,55.7,26.4,57.5,65.9,1129,NORMAL,OFF,90,Silty
438,2026-01-01 15:20:00,82.5,28.4,55.9,74.8,2595,WET,OFF,98,Clay
439,2026-01-03 13:35:00,55.1,22.6,37.5,45.1,1081,NORMAL,OFF,75,Silty
440,2026-01-04 17:50:00,20.1,31.9,28.5,41.2,728,DRY,ON,55,Sandy
441,2026-01-04 16:10:00,38.6,42,17.6,41.0,593,DRY,ON,70,Sandy
442,2026-01-03 15:40:00,39.8,23.1,31.6,59.7,1640,DRY,ON,72,Silty
443,2026-01-01 20:40:00,87.7,23.4,60.3,79.4,2256,WET,OFF,55,Clay
444,2026-01-03 07:35:00,59.4,31.2,39.7,74.3,1791,NORMAL,OFF,72,Loamy
445,2026-01-04 12:55:00,14.8,38.2,10.4,10.7,546,DRY,ON,98,Sandy
446,2026-01-01 21:00:00,77.5,26.1,54.7,81.2,2331,WET,OFF,99,Clay
447,2026-01-05 11:35:00,21.8,42,38.2,25.4,1024,DRY,ON,96,Sandy
448,2026-01-04 08:35:00,53.4,32.4,46.0,66.6,1379,NORMAL,OFF,95,Silty
449,2026-01-04 21:50:00,33.9,35.9,35.8,5.7,925,DRY,ON,90,Sandy
450,2026-01-03 15:25:00,47.6,24.9,41.9,37.1,1682,NORMAL,OFF,57,Silty
451,2026-01-03 01:35:00,65.9,31.1,69.1,59.3,1719,NORMAL,OFF,52,Loamy
452,2026-01-02 03:30:00,91.8,28.0,79.0,78.2,2510,WET,OFF,73,Clay
453,2026-01-04 13:40:00,15.4,41.7,31.8,15.7,1080,DRY,ON,98,Sandy
454,2026-01-03 11:30:00,50.7,33.9,54.2,44.2,1323,NORMAL,OFF,72,Silty
455,2026-01-02 21:35:00,50.8,28.5,46.2,74.1,1368,NORMAL,OFF,85,Loamy
456,2026-01-01 08:25:00,90.9,26.6,82.8,91.5,2649,WET,OFF,55,Clay
457,2026-01-03 01:05:00,55.5,22.2,52.7,49.9,2028,NORMAL,OFF,52,Loamy
458,2026-01-02 09:20:00,55.4,31.4,35.5,53.3,1447,NORMAL,OFF,95,Loamy
459,2026-01-03 15:50:00,53.8,30.8,56.3,52.5,1197,NORMAL,OFF,74,Silty
460,2026-01-03 06:20:00,54.7,23.0,36.9,76.8,1871,NORMAL,OFF,64,Loamy
461,2026-01-04 04:40:00,41.7,24.8,56.6,38.0,1464,NORMAL,OFF,67,Silty
462,2026-01-01 08:10:00,70.3,24.6,49.6,77.5,2617,WET,OFF,95,Clay
463,2026-01-01 15:55:00,76.2,26.8,70.7,92.6,2881,WET,OFF,92,Clay
464,2026-01-04 08:50:00,50.4,25.4,62.8,55.6,1690,NORMAL,OFF,53,Silty
465,2026-01-05 10:10:00,19.3,35.0,30.4,15.2,966,DRY,ON,60,Sandy
466,2026-01-02 09:55:00,63.2,29.0,60.9,57.7,1409,NORMAL,OFF,69,Loamy
467,2026-01-02 01:10:00,81.4,25.5,84.5,83.9,2920,WET,OFF,77,Clay
468,2026-01-05 04:30:00,15.8,37.4,36.6,15.9,565,DRY,ON,73,Sandy
469,2026-01-05 04:40:00,36.7,29.2,15.7,25.9,1061,DRY,ON,90,Sandy
470,2026-01-04 01:30:00,49.5,27.3,49.3,53.5,1568,NORMAL,OFF,78,Silty
471,2026-01-03 03:00:00,58.0,31.0,37.8,62.8,1886,NORMAL,OFF,81,Loamy
472,2026-01-04 14:20:00,25.6,29.4,30.3,30.2,1051,DRY,ON,85,Sandy
473,2026-01-02 16:05:00,50,27.5,47.1,65.7,2038,NORMAL,OFF,73,Loamy
474,2026-01-02 02:45:00,90.3,20.3,48.1,89.6,2690,WET,OFF,86,Clay
475,2026-01-04 16:05:00,38.4,40.4,14.2,8.6,862,DRY,ON,87,Sandy
476,2026-01-01 11:15:00,70.8,29.7,57.2,100,2860,WET,OFF,88,Clay
477,2026-01-04 20:45:00,18.8,30.7,34.9,20.5,691,DRY,ON,95,Sandy
478,2026-01-02 21:10:00,50.3,25.8,54.0,83.8,1903,NORMAL,OFF,53,Loamy
479,2026-01-05 08:20:00,30.2,34.2,12.0,12.7,658,DRY,ON,56,Sandy
480,2026-01-03 12:10:00,49.5,21.7,56.2,54.1,1553,NORMAL,OFF,72,Silty
481,2026-01-04 06:20:00,54.0,23.9,58.6,52.0,1694,NORMAL,OFF,57,Silty
482,2026-01-03 10:25:00,53.7,31.4,50.5,62.4,1053,NORMAL,OFF,90,Silty
483,2026-01-03 08:40:00,68.0,25.8,62.7,80.5,1306,NORMAL,OFF,58,Loamy
484,2026-01-04 16:20:00,16.9,41.7,23.2,14.4,953,DRY,ON,94,Sandy
485,2026-01-04 08:30:00,44.1,30.1,63.9,64.9,1024,NORMAL,OFF,79,Silty
486,2026-01-03 12:30:00,46.5,26.4,56.0,49.6,1410,NORMAL,OFF,61,Silty
487,2026-01-02 17:55:00,69.5,23.9,68.3,79.2,1869,NORMAL,OFF,65,Loamy
488,2026-01-01 10:40:00,76.5,20.6,69.9,98.5,2643,WET,OFF,55,Clay
489,2026-01-02 08:10:00,78.0,24.6,70.8,72.8,2249,WET,OFF,87,Clay
490,2026-01-05 00:25:00,17.4,37.5,27.3,7.6,933,DRY,ON,82,Sandy
491,2026-01-01 20:25:00,72.0,21.4,76.0,88.1,2829,WET,OFF,83,Clay
492,2026-01-01 13:35:00,78.5,28.5,85,70.3,2883,WET,OFF,72,Clay
493,2026-01-02 13:45:00,64.5,25.0,49.5,63.1,1948,NORMAL,OFF,99,Loamy
494,2026-01-01 19:45:00,93.6,29.1,48.8,77.2,2754,WET,OFF,100,Clay
495,2026-01-03 16:20:00,41.8,29.9,56.7,41.2,1289,NORMAL,OFF,91,Silty
496,2026-01-04 14:25:00,35.9,36.0,21.7,22.9,736,DRY,ON,68,Sandy
497,2026-01-01 09:00:00,88.1,25.9,76.2,83.2,2697,WET,OFF,58,Clay
498,2026-01-04 20:40:00,12.6,30.1,14.6,34.3,846,DRY,ON,87,Sandy
499,2026-01-02 05:30:00,92.0,21.5,66.2,75.4,2928,WET,OFF,79,Clay
500,2026-01-03 00:40:00,70.4,30.3,53.6,45.7,1304,WET,OFF,65,Loamy
501,2026-01-02 23:45:00,54.1,27.9,62.5,81.3,1987,NORMAL,OFF,69,Loamy
502,2026-01-05 04:25:00,35.7,32.6,15.9,8.1,618,DRY,ON,93,Sandy
503,2026-01-04 17:20:00,17.6,33.3,15.5,41.8,934,DRY,ON,85,Sandy
504,2026-01-02 04:40:00,87.0,23.5,60.7,100,2914,WET,OFF,86,Clay
505,2026-01-01 10:55:00,86.1,23.5,57.5,72.0,2760,WET,OFF,98,Clay
506,2026-01-02 02:40:00,84.0,26.4,57.3,89.6,2719,WET,OFF,52,Clay
507,2026-01-02 22:55:00,72,31.4,57.7,72.1,1575,WET,OFF,82,Loamy
508,2026-01-01 13:05:00,73.9,28.8,77.9,83.3,2670,WET,OFF,79,Clay
509,2026-01-04 18:45:00,15.5,29.7,36.0,13.1,522,DRY,ON,86,Sandy
510,2026-01-02 10:55:00,55.6,30.8,64.1,47.8,1718,NORMAL,OFF,58,Loamy
511,2026-01-02 03:10:00,70.6,23.2,65.8,94.2,2354,WET,OFF,70,Clay
512,2026-01-02 15:15:00,63.1,27.6,61.2,56.8,1355,NORMAL,OFF,100,Loamy
513,2026-01-02 13:40:00,54.9,29.8,64.0,75.5,1992,NORMAL,OFF,59,Loamy
514,2026-01-03 16:00:00,51.9,23.5,36.2,48.9,1479,NORMAL,OFF,88,Silty
515,2026-01-04 16:00:00,28.8,41.9,37.0,22.6,722,DRY,ON,75,Sandy
516,2026-01-03 09:20:00,61.7,23.8,59.0,81.9,1910,NORMAL,OFF,64,Loamy
517,2026-01-05 09:55:00,22.8,37.3,15.8,23.0,611,DRY,ON,72,Sandy
518,2026-01-05 05:45:00,33.9,32.5,22.2,28.1,1021,DRY,ON,98,Sandy
519,2026-01-03 17:20:00,50.2,28.3,37.7,65.6,1260,NORMAL,OFF,78,Silty
520,2026-01-02 01:15:00,84.3,29.0,68.6,78.8,2181,WET,OFF,78,Clay
521,2026-01-03 10:20:00,40.4,24.0,56.7,73.0,1102,NORMAL,OFF,75,Silty
522,2026-01-02 09:45:00,61.3,25.9,67.9,62.3,1996,NORMAL,OFF,74,Loamy
523,2026-01-02 13:20:00,65.7,23.8,39.9,53.3,1511,NORMAL,OFF,86,Loamy
524,2026-01-03 22:05:00,50.4,28.2,57.2,37.0,1151,NORMAL,OFF,72,Silty
525,2026-01-04 07:45:00,50.6,33.7,35.5,40.1,1582,NORMAL,OFF,58,Silty
526,2026-01-02 22:05:00,62.3,22.5,51.6,55.7,1681,NORMAL,OFF,100,Loamy
527,2026-01-04 14:45:00,12.6,32.7,23.8,38.0,931,DRY,ON,51,Sandy
528,2026-01-02 00:20:00,74.4,21.3,55.2,91.1,2737,WET,OFF,81,Clay
529,2026-01-01 11:35:00,82.7,29.2,70.5,70.5,2230,WET,OFF,100,Clay
530,2026-01-05 03:40:00,13.7,31.9,23.1,44.7,716,DRY,ON,99,Sandy
531,2026-01-03 17:30:00,57.9,24.9,38.6,43.9,1322,NORMAL,OFF,94,Silty
532,2026-01-01 17:05:00,82.9,26.1,49.4,100,2216,WET,OFF,59,Clay
533,2026-01-05 05:40:00,39.9,42,32.6,32.4,617,DRY,ON,72,Sandy
534,2026-01-02 16:50:00,60.7,26.1,45.2,76.4,2057,NORMAL,OFF,79,Loamy
535,2026-01-02 02:00:00,77.4,20.7,71.0,97.5,2971,WET,OFF,94,Clay
536,2026-01-04 03:35:00,55.2,25.5,36.0,40.8,1157,NORMAL,OFF,98,Silty
537,2026-01-05 01:30:00,18.0,41.2,18.4,9.3,896,DRY,ON,75,Sandy
538,2026-01-02 15:45:00,56.3,25.4,52.9,53.1,1459,NORMAL,OFF,75,Loamy
539,2026-01-04 21:55:00,15.3,30.6,20.8,33.1,1075,DRY,ON,96,Sandy
540,2026-01-02 14:50:00,69.8,23.6,53.6,45.3,1965,NORMAL,OFF,72,Loamy
541,2026-01-03 14:25:00,54.0,28.8,58.4,56.9,1193,NORMAL,OFF,85,Silty
542,2026-01-01 19:10:00,68.4,25.9,65.5,90.6,2788,NORMAL,OFF,90,Clay
543,2026-01-03 12:25:00,41.7,24.4,39.6,73.3,1351,NORMAL,OFF,81,Silty
544,2026-01-01 16:20:00,71.4,27.6,75.6,100,2612,WET,OFF,88,Clay
545,2026-01-01 17:35:00,79.1,23.5,67.9,100,2490,WET,OFF,91,Clay
546,2026-01-03 07:40:00,69.1,27.4,38.8,70.8,1383,NORMAL,OFF,58,Loamy
547,2026-01-02 12:35:00,69.4,23.9,40.8,56.6,1491,NORMAL,OFF,78,Loamy
548,2026-01-03 07:25:00,61.1,25.6,58.1,72.7,1456,NORMAL,OFF,73,Loamy
549,2026-01-04 14:15:00,27.6,41.1,19.1,31.1,853,DRY,ON,74,Sandy
550,2026-01-05 09:00:00,18.4,40.4,20.3,13.2,405,DRY,ON,65,Sandy
551,2026-01-01 23:50:00,81.0,24.1,84.1,96.7,2628,WET,OFF,98,Clay
552,2026-01-04 00:30:00,43.4,33.3,56.5,58.0,1175,NORMAL,OFF,89,Silty
553,2026-01-04 04:30:00,51.1,31.9,61.8,60.5,1122,NORMAL,OFF,88,Silty
554,2026-01-02 07:55:00,94.0,21.3,85,87.4,2348,WET,OFF,75,Clay
555,2026-01-03 00:20:00,54.0,31.5,41.3,48.2,1640,NORMAL,OFF,61,Loamy
556,2026-01-04 23:20:00,21.2,35.7,34.7,18.1,450,DRY,ON,76,Sandy
557,2026-01-02 02:10:00,68.7,26.1,65.1,94.1,2664,NORMAL,OFF,54,Clay
558,2026-01-02 11:30:00,61.6,30.5,55.6,65.0,1653,NORMAL,OFF,80,Loamy
559,2026-01-03 12:15:00,45.9,29.9,36.9,74.1,1530,NORMAL,OFF,94,Silty
560,2026-01-04 19:20:00,18.7,38.8,22.0,6.5,563,DRY,ON,68,Sandy
561,2026-01-03 14:45:00,47.1,26.9,52.6,54.7,1328,NORMAL,OFF,53,Silty
562,2026-01-05 11:50:00,38.7,36.0,26.2,14.7,524,DRY,ON,55,Sandy
563,2026-01-01 12:05:00,94.1,23.1,76.3,83.3,2963,WET,OFF,57,Clay
564,2026-01-02 11:20:00,62.5,26.4,61.3,83.6,1740,NORMAL,OFF,56,Loamy
565,2026-01-05 07:15:00,32.2,29.9,24.8,42.9,916,DRY,ON,98,Sandy
566,2026-01-04 04:20:00,51.5,31.8,32.5,38.9,1106,NORMAL,OFF,72,Silty
567,2026-01-02 14:00:00,67.4,25.9,37.2,66.4,1523,NORMAL,OFF,63,Loamy
568,2026-01-03 10:50:00,48.2,30.1,50.9,62.0,1368,NORMAL,OFF,50,Silty
569,2026-01-05 12:00:00,32.1,37.1,38.5,31.0,1031,DRY,ON,96,Sandy
570,2026-01-03 15:55:00,45.2,22.8,62.9,54.4,1448,NORMAL,OFF,84,Silty
571,2026-01-03 13:00:00,45.2,28.3,63.1,45.3,1020,NORMAL,OFF,72,Silty
572,2026-01-02 10:00:00,59.5,30.4,38.6,48.5,1741,NORMAL,OFF,85,Loamy
573,2026-01-05 05:25:00,12.7,34.0,18.0,7.0,434,DRY,ON,84,Sandy
574,2026-01-02 20:30:00,60.1,32.8,66.3,73.2,1741,NORMAL,OFF,60,Loamy
575,2026-01-04 17:25:00,30.1,36.8,37.2,45,553,DRY,ON,53,Sandy
576,2026-01-01 13:15:00,90.0,29.8,66.6,100,2556,WET,OFF,80,Clay
577,2026-01-04 13:25:00,37.1,41.8,38.2,18.6,363,DRY,ON,56,Sandy
578,2026-01-04 01:55:00,44.1,33.3,49.1,74.3,1352,NORMAL,OFF,87,Silty
579,2026-01-05 02:45:00,18.3,31.6,22.6,21.0,355,DRY,ON,86,Sandy
580,2026-01-04 09:35:00,57.4,28.0,37.0,48.9,1454,NORMAL,OFF,51,Silty
581,2026-01-05 10:50:00,24.3,41.5,13.3,28.8,431,DRY,ON,67,Sandy
582,2026-01-05 02:50:00,34.6,42,16.8,29.8,426,DRY,ON,71,Sandy
583,2026-01-03 04:50:00,65.0,28.2,43.3,76.4,2012,NORMAL,OFF,92,Loamy
584,2026-01-02 18:50:00,60.1,30.4,70.0,84.0,1402,NORMAL,OFF,65,Loamy
585,2026-01-02 16:30:00,55.7,27.2,48.4,51.0,1336,NORMAL,OFF,95,Loamy
586,2026-01-03 21:40:00,38.9,23.2,40.7,69.9,1153,DRY,ON,59,Silty
587,2026-01-01 15:50:00,89.4,22.5,69.4,83.2,2553,WET,OFF,77,Clay
588,2026-01-02 01:05:00,75.4,28.8,64.8,86.2,2550,WET,OFF,61,Clay
589,2026-01-05 03:15:00,20.4,36.2,12.0,33.2,922,DRY,ON,75,Sandy
590,2026-01-02 20:25:00,54.3,23.9,48.1,74.3,1860,NORMAL,OFF,55,Loamy
591,2026-01-04 10:10:00,43.2,23.4,53.6,36.4,1324,NORMAL,OFF,59,Silty
592,2026-01-05 02:35:00,27.7,33.5,38.1,32.2,1015,DRY,ON,77,Sandy
593,2026-01-04 09:55:00,47.7,33.6,56.6,36.9,1361,NORMAL,OFF,60,Silty
594,2026-01-01 11:20:00,73.7,23.8,77.9,98.8,2617,WET,OFF,53,Clay
595,2026-01-02 18:15:00,50,31.3,63.3,49.9,1772,NORMAL,OFF,86,Loamy
596,2026-01-01 19:20:00,69.7,29.1,81.7,76.5,2518,NORMAL,OFF,52,Clay
597,2026-01-01 18:20:00,74.9,20.1,77.6,100,2793,WET,OFF,72,Clay
598,2026-01-05 00:35:00,35.5,36.5,12.5,22.6,678,DRY,ON,51,Sandy
599,2026-01-01 20:45:00,90.5,21.0,49.3,91.9,2931,WET,OFF,85,Clay
600,2026-01-04 23:30:00,28.5,36.2,21.8,17.5,860,DRY,ON,94,Sandy
601,2026-01-04 07:15:00,39.1,25.7,40.1,45.1,1631,DRY,ON,98,Silty
602,2026-01-05 01:20:00,38.9,35.8,11.3,39.3,985,DRY,ON,50,Sandy
603,2026-01-01 16:50:00,78.9,25.7,84.8,91.7,2655,WET,OFF,83,Clay
604,2026-01-03 00:30:00,54.3,30.6,62.3,50.2,1744,NORMAL,OFF,75,Loamy
605,2026-01-04 02:30:00,54.1,32.2,63.0,62.8,1435,NORMAL,OFF,79,Silty
606,2026-01-03 11:20:00,43.0,26.8,45.7,54.3,1249,NORMAL,OFF,99,Silty
607,2026-01-03 11:15:00,43.9,33.3,61.0,73.3,1550,NORMAL,OFF,86,Silty
608,2026-01-02 06:30:00,90.0,28.2,71.3,72.2,2452,WET,OFF,53,Clay
609,2026-01-01 17:50:00,89.1,22.9,75.0,85.7,2182,WET,OFF,84,Clay
610,2026-01-02 08:00:00,92.7,26.1,77.9,83.5,2646,WET,OFF,73,Clay
611,2026-01-04 05:50:00,39.3,28.0,44.6,56.4,1460,DRY,ON,51,Silty
612,2026-01-02 00:00:00,91.9,30.2,67.6,80.8,2482,WET,OFF,73,Clay
613,2026-01-04 12:35:00,12.5,36.1,22.9,12.0,383,DRY,ON,53,Sandy
614,2026-01-01 21:05:00,90.1,26.7,72.3,72.5,2773,WET,OFF,61,Clay
615,2026-01-04 11:35:00,18.9,29.7,18.3,43.0,418,DRY,ON,80,Sandy
616,2026-01-03 12:05:00,55.4,27.4,64.9,71.6,1286,NORMAL,OFF,98,Silty
617,2026-01-01 15:05:00,88.5,27.6,72.6,82.3,2911,WET,OFF,75,Clay
618,2026-01-03 01:30:00,59.5,28.8,44.9,76.4,1809,NORMAL,OFF,62,Loamy
619,2026-01-04 08:05:00,43.6,30.5,56.4,44.9,1335,NORMAL,OFF,64,Silty
620,2026-01-05 03:35:00,15.5,35.4,20.7,21.8,985,DRY,ON,52,Sandy
621,2026-01-04 00:50:00,57.5,30.8,44.9,40.3,1479,NORMAL,OFF,69,Silty
622,2026-01-04 12:45:00,17.8,40.8,15.5,19.6,442,DRY,ON,67,Sandy
623,2026-01-01 08:45:00,82.4,22.7,64.8,79.9,2755,WET,OFF,70,Clay
624,2026-01-04 23:05:00,33.2,42,23.5,29.8,355,DRY,ON,97,Sandy
625,2026-01-02 20:40:00,63.5,30.0,44.3,56.3,1543,NORMAL,OFF,75,Loamy
626,2026-01-02 13:15:00,69.3,24.6,63.4,68.5,1659,NORMAL,OFF,89,Loamy
627,2026-01-01 12:30:00,76.4,24.5,65.1,76.8,2230,WET,OFF,74,Clay
628,2026-01-05 05:20:00,26.3,33.8,23.5,20.2,726,DRY,ON,74,Sandy
629,2026-01-01 09:10:00,69.7,24.2,84.9,90.4,2666,NORMAL,OFF,96,Clay
630,2026-01-03 02:45:00,63.0,29.3,57.4,50.9,1871,NORMAL,OFF,89,Loamy
631,2026-01-02 13:25:00,56.5,25.1,53.9,57.9,2020,NORMAL,OFF,86,Loamy
632,2026-01-05 06:35:00,24.7,33.1,10.3,20.0,770,DRY,ON,58,Sandy
633,2026-01-04 05:35:00,39.6,27.0,58.1,60.9,1180,DRY,ON,74,Silty
634,2026-01-01 09:50:00,78.1,29.9,66.6,76.4,2165,WET,OFF,64,Clay
635,2026-01-05 04:15:00,22.2,28.5,10.9,9.4,647,DRY,ON,98,Sandy
636,2026-01-04 11:10:00,16.0,31.1,39.7,27.8,693,DRY,ON,98,Sandy
637,2026-01-01 19:15:00,93.4,21.2,58.1,68.5,2674,WET,OFF,91,Clay
638,2026-01-04 07:20:00,47.1,22.4,34.5,56.5,1161,NORMAL,OFF,81,Silty
639,2026-01-03 02:50:00,53.4,29.1,40.5,79.0,1807,NORMAL,OFF,54,Loamy
640,2026-01-04 14:35:00,37.0,32.7,12.9,15.1,715,DRY,ON,65,Sandy
641,2026-01-02 11:45:00,62.1,22.7,36.6,73.4,1323,NORMAL,OFF,91,Loamy
642,2026-01-04 06:15:00,39.9,28.9,57.9,37.6,1108,DRY,ON,88,Silty
643,2026-01-03 21:30:00,41.3,30.5,33.4,63.2,1649,NORMAL,OFF,83,Silty
644,2026-01-05 00:50:00,13.6,42,15.4,31.4,655,DRY,ON,76,Sandy
645,2026-01-03 01:45:00,53.7,23.2,55.1,64.8,1392,NORMAL,OFF,54,Loamy
646,2026-01-03 14:30:00,46.7,24.2,54.3,60.8,1387,NORMAL,OFF,55,Silty
647,2026-01-01 18:10:00,78.1,21.6,67.3,86.2,2911,WET,OFF,89,Clay
648,2026-01-02 06:45:00,78.1,27.5,72.2,90.8,2769,WET,OFF,84,Clay
649,2026-01-03 00:55:00,58.7,29.6,39.7,84.8,1801,NORMAL,OFF,62,Loamy
650,2026-01-03 15:05:00,45.8,28.1,39.3,70.8,1256,NORMAL,OFF,50,Silty
651,2026-01-01 21:45:00,74.2,26.1,72.0,84.3,2506,WET,OFF,51,Clay
652,2026-01-01 10:45:00,91.0,20.8,53.0,96.2,2513,WET,OFF,65,Clay
653,2026-01-02 12:20:00,51.3,29.4,63.0,81.7,1904,NORMAL,OFF,58,Loamy
654,2026-01-05 06:25:00,29.9,31.0,15.1,32.1,531,DRY,ON,81,Sandy
655,2026-01-03 23:10:00,51.7,25.4,58.4,59.6,1029,NORMAL,OFF,62,Silty
656,2026-01-05 01:45:00,21.6,33.8,28.0,7.1,1058,DRY,ON,88,Sandy
657,2026-01-01 11:30:00,88.0,26.1,66.2,72.9,2177,WET,OFF,59,Clay
658,2026-01-02 08:20:00,85.7,27.5,58.2,98.9,2840,WET,OFF,60,Clay
659,2026-01-03 23:55:00,54.0,32.8,37.8,48.6,1495,NORMAL,OFF,83,Silty
660,2026-01-01 17:30:00,78.2,30.3,81.2,100,2344,WET,OFF,99,Clay
661,2026-01-04 22:55:00,29.8,27.1,36.7,27.2,614,DRY,ON,96,Sandy
662,2026-01-04 15:45:00,18.7,29.8,10.8,36.3,667,DRY,ON,77,Sandy
663,2026-01-03 22:55:00,38.0,21.3,54.7,39.7,1212,DRY,ON,76,Silty
664,2026-01-04 11:55:00,38.2,36.0,33.0,9.3,446,DRY,ON,70,Sandy
665,2026-01-05 11:30:00,39.1,39.0,30.3,14.0,846,DRY,ON,55,Sandy
666,2026-01-04 18:15:00,26.1,42,36.3,8.9,674,DRY,ON,66,Sandy
667,2026-01-04 21:00:00,23.8,33.8,11.9,37.4,777,DRY,ON,89,Sandy
668,2026-01-04 21:05:00,38.3,33.7,30.9,5,644,DRY,ON,78,Sandy
669,2026-01-04 04:00:00,45.6,25.1,52.1,73.2,1099,NORMAL,OFF,90,Silty
670,2026-01-01 17:20:00,89.3,24.6,85,82.8,2940,WET,OFF,87,Clay
671,2026-01-04 13:30:00,23.1,35.6,30.3,9.3,754,DRY,ON,56,Sandy
672,2026-01-03 05:50:00,70.4,29.5,46.2,81.6,1416,WET,OFF,84,Loamy
673,2026-01-01 23:35:00,74.4,24.9,57.8,93.1,2559,WET,OFF,100,Clay
674,2026-01-05 08:40:00,29.9,29.8,27.6,45,588,DRY,ON,57,Sandy
675,2026-01-02 15:10:00,65.7,30.6,59.2,78.9,1974,NORMAL,OFF,63,Loamy
676,2026-01-03 20:35:00,47.8,22.8,40.4,36.3,1015,NORMAL,OFF,76,Silty
677,2026-01-02 16:00:00,52.4,29.3,58.0,52.0,1312,NORMAL,OFF,94,Loamy
678,2026-01-02 17:45:00,51.8,29.5,63.9,72.9,1341,NORMAL,OFF,70,Loamy
679,2026-01-03 00:10:00,51.8,31.8,52.5,79.7,1690,NORMAL,OFF,76,Loamy
680,2026-01-04 10:00:00,50.4,23.1,51.7,42.3,1179,NORMAL,OFF,94,Silty
681,2026-01-04 23:55:00,16.0,36.0,11.5,41.7,640,DRY,ON,81,Sandy
682,2026-01-03 16:05:00,56.3,28.2,35.3,41.2,1302,NORMAL,OFF,84,Silty
683,2026-01-04 05:45:00,46.8,23.5,30.6,36.0,1607,NORMAL,OFF,74,Silty
684,2026-01-03 23:45:00,46.3,27.5,37.6,53.1,1309,NORMAL,OFF,69,Silty
685,2026-01-03 19:15:00,39.3,29.6,56.4,71.5,1368,DRY,ON,51,Silty
686,2026-01-04 09:15:00,44.9,27.3,50.5,39.9,1544,NORMAL,OFF,84,Silty
687,2026-01-02 19:05:00,65.7,32.1,36.0,73.0,1881,NORMAL,OFF,86,Loamy
688,2026-01-04 12:10:00,14.9,30.3,16.6,13.5,922,DRY,ON,83,Sandy
689,2026-01-05 03:10:00,37.7,32.2,36.7,33.5,480,DRY,ON,53,Sandy
690,2026-01-04 08:25:00,57.0,22.7,38.5,60.9,1092,NORMAL,OFF,92,Silty
691,2026-01-04 01:45:00,50.7,21.0,34.8,41.0,1544,NORMAL,OFF,89,Silty
692,2026-01-02 00:55:00,73.4,28.7,85,80.1,2417,WET,OFF,84,Clay
693,2026-01-03 02:00:00,53.5,31.4,66.2,45.4,1441,NORMAL,OFF,60,Loamy
694,2026-01-05 07:00:00,21.7,40.7,33.8,17.7,529,DRY,ON,89,Sandy
695,2026-01-01 16:40:00,80.7,24.5,62.0,71.3,2264,WET,OFF,68,Clay
696,2026-01-04 12:40:00,25.1,42,11.3,17.8,360,DRY,ON,88,Sandy
697,2026-01-02 14:20:00,67.6,31.7,45.6,80.0,1580,NORMAL,OFF,73,Loamy
698,2026-01-02 18:20:00,57.5,30.0,52.4,60.3,1736,NORMAL,OFF,63,Loamy
699,2026-01-01 23:55:00,72.3,24.9,66.8,100,2193,WET,OFF,78,Clay
700,2026-01-02 13:55:00,60.0,22.0,62.1,74.3,2048,NORMAL,OFF,90,Loamy
701,2026-01-01 08:30:00,82.9,29.1,70.1,96.7,2691,WET,OFF,92,Clay
702,2026-01-01 17:10:00,81.5,27.9,68.2,78.5,2954,WET,OFF,79,Clay
703,2026-01-04 03:55:00,52.1,27.2,34.8,69.8,1012,NORMAL,OFF,78,Silty
704,2026-01-04 20:05:00,13.3,34.1,31.1,17.6,1091,DRY,ON,89,Sandy
705,2026-01-02 12:05:00,50.6,24.4,44.7,73.2,1364,NORMAL,OFF,84,Loamy
706,2026-01-02 23:20:00,59.8,28.5,44.9,72.4,1793,NORMAL,OFF,67,Loamy
707,2026-01-03 12:35:00,49.4,33.7,56.8,67.6,1276,NORMAL,OFF,85,Silty
708,2026-01-01 08:35:00,74.2,23.2,50.9,76.1,2203,WET,OFF,73,Clay
709,2026-01-02 14:25:00,56.3,26.1,66.6,51.6,1705,NORMAL,OFF,96,Loamy
710,2026-01-05 05:05:00,25.3,35.4,29.1,33.9,1015,DRY,ON,62,Sandy
711,2026-01-03 01:40:00,59.1,32.0,59.1,64.2,1540,NORMAL,OFF,92,Loamy
712,2026-01-05 07:25:00,14.0,39.7,32.5,18.6,758,DRY,ON,50,Sandy
713,2026-01-02 23:35:00,67.4,29.9,57.9,84.9,1565,NORMAL,OFF,75,Loamy
714,2026-01-01 11:05:00,71.6,23.8,52.8,74.8,2391,WET,OFF,95,Clay
715,2026-01-04 00:40:00,39.1,26.5,38.1,58.8,1606,DRY,ON,94,Silty
716,2026-01-03 14:55:00,38.2,22.2,30.4,43.7,1430,DRY,ON,81,Silty
717,2026-01-05 06:00:00,38.4,33.8,23.2,38.6,380,DRY,ON,58,Sandy
718,2026-01-02 02:35:00,73.3,30.5,59.0,91.2,2729,WET,OFF,60,Clay
719,2026-01-02 17:40:00,63.9,32.6,42.3,57.3,1571,NORMAL,OFF,55,Loamy
720,2026-01-03 08:35:00,64.5,31.2,53.1,60.1,1528,NORMAL,OFF,72,Loamy
721,2026-01-03 13:55:00,38.6,29.6,60.9,48.0,1487,DRY,ON,84,Silty
722,2026-01-01 08:15:00,85.5,26.0,58.4,92.6,2928,WET,OFF,60,Clay
723,2026-01-05 08:45:00,20.6,38.2,32.7,28.8,411,DRY,ON,62,Sandy
724,2026-01-02 06:40:00,94.4,27.1,67.3,100,2491,WET,OFF,74,Clay
725,2026-01-04 18:35:00,16.2,31.1,11.1,12.1,1072,DRY,ON,81,Sandy
726,2026-01-03 01:15:00,51.7,31.2,36.7,49.6,1754,NORMAL,OFF,85,Loamy
727,2026-01-04 16:30:00,25.3,32.0,19.2,31.2,970,DRY,ON,53,Sandy
728,2026-01-02 08:50:00,70.9,21.1,53.1,73.7,2639,WET,OFF,100,Clay
729,2026-01-05 06:40:00,27.0,34.1,12.1,40.4,561,DRY,ON,77,Sandy
730,2026-01-03 06:05:00,72,30.5,53.7,70.1,1515,WET,OFF,99,Loamy
731,2026-01-04 04:35:00,40.6,29.5,64.9,57.6,1189,NORMAL,OFF,94,Silty
732,2026-01-03 18:00:00,46.3,32.3,63.5,44.1,1668,NORMAL,OFF,50,Silty
733,2026-01-02 12:55:00,64.9,28.2,62.0,64.8,1823,NORMAL,OFF,57,Loamy
734,2026-01-05 02:40:00,35.6,33.6,13.7,26.3,857,DRY,ON,96,Sandy
735,2026-01-02 15:55:00,70.7,24.6,43.6,82.0,1418,WET,OFF,88,Loamy
736,2026-01-04 07:35:00,46.3,23.6,62.1,37.9,1599,NORMAL,OFF,77,Silty
737,2026-01-04 11:50:00,16.6,30.5,22.6,39.2,714,DRY,ON,90,Sandy
738,2026-01-03 02:20:00,50.4,32.0,51.9,67.8,1748,NORMAL,OFF,74,Loamy
739,2026-01-04 15:20:00,29.5,35.2,32.9,11.3,369,DRY,ON,61,Sandy
740,2026-01-01 12:25:00,69.9,27.3,63.6,77.0,2968,NORMAL,OFF,82,Clay
741,2026-01-02 14:10:00,69.0,31.8,61.7,46.8,1941,NORMAL,OFF,79,Loamy
742,2026-01-03 03:55:00,71.7,30.6,66.9,72.7,1477,WET,OFF,58,Loamy
743,2026-01-01 19:25:00,76.2,25.4,51.1,99.2,2238,WET,OFF,97,Clay
744,2026-01-02 15:20:00,68.4,27.4,38.9,65.0,1908,NORMAL,OFF,50,Loamy
745,2026-01-04 15:15:00,30.2,31.7,34.1,20.8,902,DRY,ON,66,Sandy
746,2026-01-04 09:10:00,42.5,25.6,37.7,62.2,1283,NORMAL,OFF,73,Silty
747,2026-01-02 03:15:00,93.2,27.9,57.9,74.3,2627,WET,OFF,81,Clay
748,2026-01-03 04:45:00,51.1,31.0,38.6,79.7,2057,NORMAL,OFF,64,Loamy
749,2026-01-03 17:35:00,54.4,32.9,46.8,57.8,1585,NORMAL,OFF,52,Silty
750,2026-01-01 22:25:00,72.1,20.8,64.8,80.3,2381,WET,OFF,54,Clay
751,2026-01-02 22:20:00,64.1,24.1,42.4,78.0,2058,NORMAL,OFF,83,Loamy
752,2026-01-03 11:50:00,52.7,32.3,40.2,43.1,1255,NORMAL,OFF,72,Silty
753,2026-01-01 11:40:00,94.2,20.4,64.0,89.7,2782,WET,OFF,76,Clay
754,2026-01-04 04:25:00,42.4,24.7,35.1,35.9,1094,NORMAL,OFF,88,Silty
755,2026-01-04 11:05:00,16.6,38.0,36.9,33.6,774,DRY,ON,55,Sandy
756,2026-01-03 05:05:00,63.7,29.1,61.4,66.9,1917,NORMAL,OFF,96,Loamy
757,2026-01-03 16:30:00,42.0,27.3,35.4,57.8,1397,NORMAL,OFF,83,Silty
758,2026-01-03 23:05:00,43.6,31.3,43.4,55.3,1331,NORMAL,OFF,57,Silty
759,2026-01-02 04:55:00,75.3,26.2,57.4,73.5,2858,WET,OFF,92,Clay
760,2026-01-04 07:10:00,41.0,32.0,63.9,54.9,1163,NORMAL,OFF,52,Silty
761,2026-01-03 05:40:00,59.8,24.4,61.3,66.2,1874,NORMAL,OFF,91,Loamy
762,2026-01-03 20:00:00,54.0,32.2,44.3,63.2,1536,NORMAL,OFF,77,Silty
763,2026-01-05 04:05:00,37.5,34.6,37.6,30.3,1059,DRY,ON,65,Sandy
764,2026-01-04 13:05:00,28.5,35.9,38.7,10.7,713,DRY,ON,82,Sandy
765,2026-01-01 08:40:00,72.4,23.9,75.5,94.8,2799,WET,OFF,60,Clay
766,2026-01-03 23:40:00,41.7,22.5,59.7,47.3,1322,NORMAL,OFF,67,Silty
767,2026-01-02 00:15:00,68.5,22.4,51.7,100,2723,NORMAL,OFF,68,Clay
768,2026-01-03 12:40:00,46.6,26.0,35.9,73.4,1153,NORMAL,OFF,50,Silty
769,2026-01-01 09:15:00,71.1,29.7,77.6,92.8,2448,WET,OFF,79,Clay
770,2026-01-02 18:40:00,67.2,26.0,54.1,64.4,1879,NORMAL,OFF,74,Loamy
771,2026-01-04 11:20:00,37.6,29.3,35.0,17.6,852,DRY,ON,87,Sandy
772,2026-01-03 19:35:00,52.9,21.2,53.4,49.2,1309,NORMAL,OFF,82,Silty
773,2026-01-03 05:30:00,68.9,25.5,42.7,52.4,1369,NORMAL,OFF,60,Loamy
774,2026-01-05 11:20:00,19.8,39.3,34.5,20.9,983,DRY,ON,82,Sandy
775,2026-01-03 18:30:00,41.9,29.0,55.3,44.8,1073,NORMAL,OFF,77,Silty
776,2026-01-03 04:00:00,51.8,29.2,56.2,57.9,1693,NORMAL,OFF,88,Loamy
777,2026-01-03 02:30:00,59.2,27.4,66.1,62.6,1364,NORMAL,OFF,70,Loamy
778,2026-01-03 01:00:00,55.0,32.0,63.4,45.8,1529,NORMAL,OFF,58,Loamy
779,2026-01-01 19:40:00,70.7,27.5,68.5,99.7,2467,WET,OFF,57,Clay
780,2026-01-03 22:25:00,39.9,24.9,45.5,50.2,1069,DRY,ON,85,Silty
781,2026-01-03 03:25:00,54.9,29.2,35.1,59.2,1948,NORMAL,OFF,68,Loamy
782,2026-01-05 02:00:00,35.2,34.7,15.3,32.4,1063,DRY,ON,73,Sandy
783,2026-01-02 20:15:00,70.3,25.9,48.1,78.2,1891,WET,OFF,93,Loamy
784,2026-01-04 09:50:00,46.9,25.0,37.3,66.6,1175,NORMAL,OFF,64,Silty
785,2026-01-03 02:05:00,54.8,31.8,68.4,55.7,2050,NORMAL,OFF,71,Loamy
786,2026-01-03 07:20:00,60.3,29.4,43.2,56.4,1371,NORMAL,OFF,70,Loamy
787,2026-01-02 08:25:00,87.8,23.9,53.9,91.4,2288,WET,OFF,91,Clay
788,2026-01-03 23:30:00,38.4,28.5,40.0,71.6,1362,DRY,ON,59,Silty
789,2026-01-04 20:25:00,22.1,37.1,30.7,17.6,659,DRY,ON,62,Sandy
790,2026-01-01 12:55:00,84.5,28.5,67.4,97.6,2689,WET,OFF,81,Clay
791,2026-01-03 09:10:00,69.0,31.0,68.2,53.7,1921,NORMAL,OFF,80,Loamy
792,2026-01-05 00:10:00,30.7,30.4,31.8,7.1,989,DRY,ON,64,Sandy
793,2026-01-01 16:00:00,70.2,22.6,70.7,74.1,2518,WET,OFF,68,Clay
794,2026-01-05 00:20:00,31.8,37.1,33.9,33.2,924,DRY,ON,55,Sandy
795,2026-01-05 09:05:00,34.4,38.1,16.7,38.6,883,DRY,ON,50,Sandy
796,2026-01-01 14:35:00,78.0,25.6,61.2,98.6,2942,WET,OFF,73,Clay
797,2026-01-01 14:50:00,90.4,21.0,84.3,78.1,2575,WET,OFF,71,Clay
798,2026-01-03 14:10:00,56.2,27.3,38.1,38.6,1315,NORMAL,OFF,66,Silty
799,2026-01-01 15:45:00,72.0,26.2,59.7,100,2221,WET,OFF,88,Clay
800,2026-01-04 23:40:00,15.6,38.7,35.9,5.9,567,DRY,ON,60,Sandy
801,2026-01-04 01:50:00,49.6,23.5,56.7,47.7,1583,NORMAL,OFF,93,Silty
802,2026-01-04 10:55:00,55.1,25.8,42.8,46.4,1359,NORMAL,OFF,78,Silty
803,2026-01-04 03:10:00,43.8,21.5,61.9,65.0,1577,NORMAL,OFF,90,Silty
804,2026-01-04 20:55:00,23.2,34.9,31.7,38.8,849,DRY,ON,51,Sandy
805,2026-01-03 14:15:00,41.1,21.1,48.4,65.3,1139,NORMAL,OFF,80,Silty
806,2026-01-05 06:30:00,12.8,29.9,37.3,20.4,560,DRY,ON,54,Sandy
807,2026-01-02 03:35:00,82.9,20.8,68.9,98.4,2386,WET,OFF,89,Clay
808,2026-01-03 21:20:00,48.9,26.1,42.8,36.0,1464,NORMAL,OFF,95,Silty
809,2026-01-03 04:30:00,67.4,29.4,66.3,66.4,1732,NORMAL,OFF,83,Loamy
810,2026-01-02 20:35:00,62.9,26.8,36.9,58.2,1494,NORMAL,OFF,85,Loamy
811,2026-01-02 07:35:00,71.9,25.1,48.1,83.9,2526,WET,OFF,65,Clay
812,2026-01-02 08:30:00,93.8,25.8,83.2,72.9,2937,WET,OFF,76,Clay
813,2026-01-03 02:55:00,64.8,25.5,46.6,56.1,1819,NORMAL,OFF,91,Loamy
814,2026-01-03 00:00:00,51.2,25.9,61.0,57.3,1639,NORMAL,OFF,87,Loamy
815,2026-01-02 14:15:00,50,32.2,40.5,63.3,1738,NORMAL,OFF,94,Loamy
816,2026-01-02 21:30:00,71.0,30.9,39.4,61.9,1999,WET,OFF,90,Loamy
817,2026-01-01 23:40:00,80.7,29.2,61.4,100,2551,WET,OFF,74,Clay
818,2026-01-02 23:05:00,70.4,24.5,56.3,82.7,2029,WET,OFF,91,Loamy
819,2026-01-03 20:20:00,41.0,23.4,36.3,36.0,1626,NORMAL,OFF,88,Silty
820,2026-01-02 19:45:00,59.5,29.6,39.5,74.2,2018,NORMAL,OFF,75,Loamy
821,2026-01-03 12:00:00,53.3,28.0,31.4,54.3,1635,NORMAL,OFF,86,Silty
822,2026-01-04 06:55:00,48.0,33.4,52.5,66.3,1356,NORMAL,OFF,85,Silty
823,2026-01-02 05:20:00,94.9,24.4,70.1,100,2993,WET,OFF,50,Clay
824,2026-01-04 10:20:00,53.4,33.3,65,41.2,1559,NORMAL,OFF,71,Silty
825,2026-01-03 20:25:00,49.3,24.0,36.6,62.5,1367,NORMAL,OFF,99,Silty
826,2026-01-02 15:40:00,61.2,26.6,59.6,48.3,1849,NORMAL,OFF,59,Loamy
827,2026-01-05 09:10:00,13.8,36.7,38.6,5,494,DRY,ON,61,Sandy
828,2026-01-03 21:55:00,55.1,28.1,30,70.3,1243,NORMAL,OFF,92,Silty
829,2026-01-01 12:35:00,86.3,29.9,71.4,82.2,2661,WET,OFF,63,Clay
830,2026-01-02 06:50:00,78.6,21.4,85,94.4,2874,WET,OFF,93,Clay
831,2026-01-05 10:05:00,18.8,26.7,34.4,30.2,1042,DRY,ON,59,Sandy
832,2026-01-03 08:30:00,67.7,24.9,54.1,52.0,1969,NORMAL,OFF,87,Loamy
833,2026-01-04 09:30:00,40.2,22.9,33.4,43.2,1642,NORMAL,OFF,76,Silty
834,2026-01-04 14:00:00,20.5,38.3,32.8,32.2,882,DRY,ON,62,Sandy
835,2026-01-01 18:50:00,68.9,24.0,51.4,100,2434,NORMAL,OFF,58,Clay
836,2026-01-04 12:50:00,38.6,33.4,14.8,24.0,1096,DRY,ON,54,Sandy
837,2026-01-01 21:20:00,72.3,23.4,58.3,98.6,2710,WET,OFF,60,Clay
838,2026-01-03 20:55:00,49.9,27.8,59.4,66.5,1533,NORMAL,OFF,79,Silty
839,2026-01-03 03:50:00,55.0,27.5,53.6,46.9,1743,NORMAL,OFF,80,Loamy
840,2026-01-03 18:40:00,44.4,28.7,32.5,47.2,1358,NORMAL,OFF,78,Silty
841,2026-01-01 08:50:00,90.8,28.5,54.6,69.3,2423,WET,OFF,86,Clay
842,2026-01-02 06:10:00,86.4,26.6,77.0,89.0,2640,WET,OFF,86,Clay
843,2026-01-04 22:15:00,23.6,33.6,23.8,35.3,1048,DRY,ON,59,Sandy
844,2026-01-03 10:35:00,42.4,22.0,33.0,50.4,1410,NORMAL,OFF,83,Silty
845,2026-01-03 00:45:00,55.5,31.6,45.9,49.1,1815,NORMAL,OFF,60,Loamy
846,2026-01-02 18:25:00,70.7,25.0,50.6,50.9,1928,WET,OFF,65,Loamy
847,2026-01-03 10:45:00,38.2,32.1,60.8,55.7,1199,DRY,ON,88,Silty
848,2026-01-04 08:00:00,39.7,32.1,47.9,74.8,1605,DRY,ON,79,Silty
849,2026-01-04 11:15:00,22.5,27.8,29.2,16.2,529,DRY,ON,98,Sandy
850,2026-01-04 03:20:00,39.7,27.6,61.5,46.1,1135,DRY,ON,67,Silty
851,2026-01-03 17:55:00,38.7,31.5,43.5,66.2,1342,DRY,ON,77,Silty
852,2026-01-03 23:20:00,41.1,27.0,63.0,70.8,1473,NORMAL,OFF,76,Silty
853,2026-01-04 04:50:00,43.5,21.8,47.3,74.8,1264,NORMAL,OFF,66,Silty
854,2026-01-05 01:05:00,13.8,27.3,29.0,43.3,369,DRY,ON,93,Sandy
855,2026-01-05 11:55:00,15.0,42,10.9,42.8,684,DRY,ON,64,Sandy
856,2026-01-02 17:15:00,50.8,24.5,64.6,61.5,1681,NORMAL,OFF,97,Loamy
857,2026-01-04 00:10:00,51.7,28.7,31.6,53.7,1047,NORMAL,OFF,99,Silty
858,2026-01-02 11:10:00,69.9,26.0,66.3,66.5,1953,NORMAL,OFF,56,Loamy
859,2026-01-01 22:35:00,84.6,25.6,63.7,90.3,2910,WET,OFF,86,Clay
860,2026-01-01 12:10:00,91.7,22.9,70.8,100,2139,WET,OFF,96,Clay
861,2026-01-04 17:10:00,16.4,36.8,39.1,38.3,483,DRY,ON,100,Sandy
862,2026-01-05 04:10:00,25.5,38.9,34.4,34.4,734,DRY,ON,50,Sandy
863,2026-01-02 07:10:00,73.9,29.5,52.8,84.5,2396,WET,OFF,86,Clay
864,2026-01-03 07:05:00,66.9,23.6,41.4,69.7,1558,NORMAL,OFF,61,Loamy
865,2026-01-02 08:05:00,81.8,25.5,50.8,100,2580,WET,OFF,63,Clay
866,2026-01-03 08:50:00,64.5,31.0,58.1,61.6,1638,NORMAL,OFF,80,Loamy
867,2026-01-03 19:50:00,50.2,29.1,38.6,44.6,1156,NORMAL,OFF,69,Silty
868,2026-01-02 13:50:00,51.7,27.7,44.7,82.5,1677,NORMAL,OFF,81,Loamy
869,2026-01-03 05:10:00,72,25.2,41.2,72.3,1491,WET,OFF,97,Loamy
870,2026-01-01 16:10:00,89.4,26.5,81.1,76.3,2217,WET,OFF,67,Clay
871,2026-01-05 01:40:00,36.8,42,29.1,41.7,1074,DRY,ON,70,Sandy
872,2026-01-04 04:55:00,41.6,21.9,63.4,43.0,1402,NORMAL,OFF,81,Silty
873,2026-01-04 12:15:00,35.7,38.8,31.1,33.6,777,DRY,ON,58,Sandy
874,2026-01-03 10:15:00,47.7,33.9,52.6,66.0,1407,NORMAL,OFF,92,Silty
875,2026-01-02 10:10:00,71.4,22.1,49.5,76.2,2042,WET,OFF,65,Loamy
876,2026-01-03 22:10:00,38.7,32.1,53.3,68.5,1305,DRY,ON,55,Silty
877,2026-01-03 05:00:00,53.2,30.2,42.1,79.8,1753,NORMAL,OFF,90,Loamy
878,2026-01-05 10:40:00,16.8,33.5,31.1,9.6,536,DRY,ON,86,Sandy
879,2026-01-05 09:35:00,33.2,41.2,27.9,9.4,1094,DRY,ON,69,Sandy
880,2026-01-04 23:15:00,20.0,39.7,31.4,32.3,1081,DRY,ON,56,Sandy
881,2026-01-05 02:15:00,19.9,42,31.2,13.2,550,DRY,ON,57,Sandy
882,2026-01-02 16:20:00,57.9,26.0,52.5,67.7,1676,NORMAL,OFF,99,Loamy
883,2026-01-02 03:00:00,73.5,26.7,59.6,98.0,2851,WET,OFF,75,Clay
884,2026-01-02 16:15:00,68.6,25.0,37.2,73.5,1890,NORMAL,OFF,81,Loamy
885,2026-01-01 16:25:00,69.1,24.8,61.9,75.6,2193,NORMAL,OFF,86,Clay
886,2026-01-05 07:20:00,14.9,38.9,19.8,19.3,608,DRY,ON,51,Sandy
887,2026-01-02 07:25:00,79.5,25.5,85,100,2787,WET,OFF,94,Clay
888,2026-01-02 03:20:00,68.6,30.4,65.5,100,2320,NORMAL,OFF,68,Clay
889,2026-01-04 04:10:00,54.0,24.3,52.9,53.4,1691,NORMAL,OFF,96,Silty
890,2026-01-01 20:30:00,76.0,25.6,66.1,99.6,2217,WET,OFF,99,Clay
891,2026-01-02 07:20:00,74.0,23.3,48.5,100,3000,WET,OFF,93,Clay
892,2026-01-04 02:25:00,38.3,30.4,45.5,52.5,1139,DRY,ON,91,Silty
893,2026-01-02 12:30:00,64.3,28.3,49.8,64.5,1850,NORMAL,OFF,91,Loamy
894,2026-01-02 15:00:00,51.0,23.1,61.3,68.6,1693,NORMAL,OFF,77,Loamy
895,2026-01-01 15:40:00,93.4,25.3,82.0,83.6,2175,WET,OFF,59,Clay
896,2026-01-05 07:30:00,19.0,38.8,14.1,28.2,825,DRY,ON,85,Sandy
897,2026-01-02 12:10:00,54.3,25.6,51.0,55.5,1801,NORMAL,OFF,90,Loamy
898,2026-01-01 13:40:00,76.1,24.3,84.0,100,2651,WET,OFF,88,Clay
899,2026-01-02 18:45:00,54.6,22.3,55.9,46.2,2097,NORMAL,OFF,80,Loamy
900,2026-01-03 06:50:00,55.8,31.8,68.8,79.7,1963,NORMAL,OFF,50,Loamy
901,2026-01-03 18:25:00,53.5,22.7,35.1,57.4,1499,NORMAL,OFF,86,Silty
902,2026-01-01 17:25:00,83.7,27.3,82.9,83.4,2595,WET,OFF,84,Clay
903,2026-01-03 05:25:00,70.8,28.8,58.2,64.6,1886,WET,OFF,54,Loamy
904,2026-01-04 20:15:00,19.3,37.2,23.0,5,754,DRY,ON,80,Sandy
905,2026-01-02 07:05:00,68.9,26.6,75.7,67.1,2858,NORMAL,OFF,84,Clay
906,2026-01-01 14:40:00,85.2,29.1,77.2,84.4,2851,WET,OFF,89,Clay
907,2026-01-02 05:10:00,85.6,28.3,57.0,82.3,2160,WET,OFF,86,Clay
908,2026-01-03 11:35:00,48.3,21.1,59.5,44.9,1095,NORMAL,OFF,97,Silty
909,2026-01-01 10:15:00,74.7,22.1,68.1,83.5,2385,WET,OFF,54,Clay
910,2026-01-05 09:25:00,19.6,39.6,12.4,42.7,757,DRY,ON,77,Sandy
911,2026-01-02 21:05:00,61.4,24.5,44.4,47.5,2070,NORMAL,OFF,56,Loamy
912,2026-01-04 22:25:00,24.2,35.0,11.1,38.2,504,DRY,ON,90,Sandy
913,2026-01-02 11:00:00,61.3,24.7,58.1,73.6,1686,NORMAL,OFF,88,Loamy
914,2026-01-01 21:10:00,75.4,28.4,85,84.3,2285,WET,OFF,75,Clay
915,2026-01-04 06:10:00,38.9,30.1,38.0,41.9,1051,DRY,ON,100,Silty
916,2026-01-05 03:30:00,28.5,30.1,10.4,30.7,957,DRY,ON,86,Sandy
917,2026-01-05 08:25:00,32.0,41.6,37.7,27.4,607,DRY,ON,90,Sandy
918,2026-01-05 01:10:00,14.8,39.4,29.5,6.5,931,DRY,ON,90,Sandy
919,2026-01-03 03:40:00,54.2,31.1,41.7,58.5,2075,NORMAL,OFF,90,Loamy
920,2026-01-04 06:05:00,56.5,21.5,38.4,61.2,1482,NORMAL,OFF,89,Silty
921,2026-01-03 15:20:00,57.2,33.2,36.7,64.1,1562,NORMAL,OFF,66,Silty
922,2026-01-04 19:35:00,19.5,37.4,12.7,20.5,727,DRY,ON,77,Sandy
923,2026-01-03 08:10:00,63.5,26.9,41.3,82.9,1975,NORMAL,OFF,59,Loamy
924,2026-01-02 15:50:00,64.1,30.4,57.7,70.7,1617,NORMAL,OFF,96,Loamy
925,2026-01-03 21:00:00,54.5,21.6,65,55.7,1405,NORMAL,OFF,52,Silty
926,2026-01-02 00:30:00,74.5,24.6,74.8,68.5,2469,WET,OFF,82,Clay
927,2026-01-03 15:10:00,40.4,31.0,38.2,65.8,1453,NORMAL,OFF,52,Silty
928,2026-01-05 05:15:00,19.1,28.5,32.5,16.3,881,DRY,ON,79,Sandy
929,2026-01-03 14:05:00,47.1,30.7,62.5,52.4,1655,NORMAL,OFF,69,Silty
930,2026-01-02 07:00:00,88.7,20.4,71.8,88.4,2116,WET,OFF,88,Clay
931,2026-01-03 22:35:00,42.2,23.7,33.2,57.9,1644,NORMAL,OFF,55,Silty
932,2026-01-03 13:45:00,53.3,22.1,42.8,41.2,1670,NORMAL,OFF,74,Silty
933,2026-01-01 14:05:00,68.5,25.9,85,77.7,2765,NORMAL,OFF,52,Clay
934,2026-01-05 03:05:00,38.4,39.7,28.6,32.3,990,DRY,ON,53,Sandy
935,2026-01-03 05:45:00,52.7,29.4,50.6,81.2,1928,NORMAL,OFF,65,Loamy
936,2026-01-01 20:15:00,87.6,30.0,71.8,83.3,2758,WET,OFF,80,Clay
937,2026-01-04 18:00:00,32.6,32.9,12.9,6.2,690,DRY,ON,72,Sandy
938,2026-01-02 20:20:00,53.9,27.0,63.0,46.3,1320,NORMAL,OFF,56,Loamy
939,2026-01-03 17:45:00,39.8,26.2,64.9,64.4,1332,DRY,ON,61,Silty
940,2026-01-05 10:00:00,26.3,35.0,30.7,31.4,1016,DRY,ON,65,Sandy
941,2026-01-01 15:10:00,86.7,23.4,74.3,84.4,2643,WET,OFF,85,Clay
942,2026-01-02 23:00:00,51.3,30.6,61.9,45.4,1435,NORMAL,OFF,88,Loamy
943,2026-01-02 18:10:00,55.4,30.9,35.8,47.6,1961,NORMAL,OFF,58,Loamy
944,2026-01-01 22:00:00,79.8,21.2,64.3,82.2,2180,WET,OFF,71,Clay
945,2026-01-04 13:10:00,18.4,29.4,39.5,8.9,462,DRY,ON,73,Sandy
946,2026-01-03 15:30:00,42.7,26.6,30,66.8,1598,NORMAL,OFF,100,Silty
947,2026-01-02 16:35:00,65.2,26.6,46.3,61.7,2037,NORMAL,OFF,54,Loamy
948,2026-01-02 06:15:00,71.0,29.1,83.1,73.3,2649,WET,OFF,83,Clay
949,2026-01-02 05:50:00,76.2,28.0,49.5,89.8,2809,WET,OFF,79,Clay
950,2026-01-05 00:40:00,21.5,29.7,10.7,22.8,741,DRY,ON,56,Sandy
951,2026-01-01 14:25:00,78.7,27.9,52.2,91.1,2742,WET,OFF,69,Clay
952,2026-01-02 20:05:00,68.6,26.9,44.3,55.0,1369,NORMAL,OFF,100,Loamy
953,2026-01-03 13:10:00,43.7,25.2,51.2,66.0,1457,NORMAL,OFF,74,Silty
954,2026-01-03 22:15:00,39.0,26.4,38.2,61.9,1625,DRY,ON,94,Silty
955,2026-01-01 19:00:00,94.1,23.2,80.6,100,2579,WET,OFF,64,Clay
956,2026-01-02 07:45:00,69.4,24.1,73.8,67.9,2174,NORMAL,OFF,96,Clay
957,2026-01-05 02:20:00,36.4,37.3,24.8,27.1,1025,DRY,ON,88,Sandy
958,2026-01-03 10:30:00,38.1,22.2,33.6,72.0,1445,DRY,ON,66,Silty
959,2026-01-02 02:30:00,76.2,21.8,85,80.1,2631,WET,OFF,66,Clay
960,2026-01-03 07:10:00,64.6,28.2,36.9,75.0,1862,NORMAL,OFF,85,Loamy
961,2026-01-03 11:25:00,47.2,27.0,50.0,36.1,1119,NORMAL,OFF,74,Silty
962,2026-01-01 19:30:00,86.8,25.9,73.5,95.6,2524,WET,OFF,89,Clay
963,2026-01-02 02:25:00,85.3,22.0,84.4,80.5,2989,WET,OFF,59,Clay
964,2026-01-04 07:05:00,48.2,27.0,51.1,43.3,1054,NORMAL,OFF,100,Silty
965,2026-01-04 09:05:00,47.6,33.2,52.8,73.4,1214,NORMAL,OFF,98,Silty
966,2026-01-02 09:35:00,65.4,25.8,38.4,54.3,1377,NORMAL,OFF,99,Loamy
967,2026-01-01 20:10:00,69.7,24.9,65.2,89.8,2562,NORMAL,OFF,52,Clay
968,2026-01-02 00:05:00,74.1,23.5,49.8,96.3,2443,WET,OFF,68,Clay
969,2026-01-01 11:10:00,76.2,30.8,79.1,90.0,2783,WET,OFF,92,Clay
970,2026-01-02 04:15:00,68.9,30.4,51.9,69.1,2421,NORMAL,OFF,63,Clay
971,2026-01-01 11:50:00,68.7,28.1,62.7,100,2921,NORMAL,OFF,65,Clay
972,2026-01-04 06:00:00,51.3,27.0,56.1,70.0,1152,NORMAL,OFF,64,Silty
973,2026-01-03 16:35:00,50.5,28.7,30,43.8,1072,NORMAL,OFF,63,Silty
974,2026-01-01 16:30:00,83.9,20.2,80.1,94.0,2690,WET,OFF,80,Clay
975,2026-01-03 18:45:00,50.5,26.7,61.2,44.3,1382,NORMAL,OFF,96,Silty
976,2026-01-02 01:55:00,80.2,29.9,68.7,75.8,2798,WET,OFF,92,Clay
977,2026-01-03 03:35:00,68.9,26.5,43.9,52.8,1423,NORMAL,OFF,75,Loamy
978,2026-01-03 06:00:00,63.4,25.3,57.8,57.8,1384,NORMAL,OFF,60,Loamy
979,2026-01-03 11:45:00,43.4,33.3,56.3,71.4,1510,NORMAL,OFF,65,Silty
980,2026-01-02 14:05:00,61.3,25.6,44.9,66.9,1433,NORMAL,OFF,81,Loamy
981,2026-01-04 13:45:00,34.1,39.2,22.0,25.9,967,DRY,ON,82,Sandy
982,2026-01-03 04:40:00,69.8,29.5,40.1,47.5,1602,NORMAL,OFF,84,Loamy
983,2026-01-02 10:45:00,57.9,26.1,63.6,60.7,1416,NORMAL,OFF,62,Loamy
984,2026-01-03 19:20:00,43.8,32.5,47.4,74.2,1520,NORMAL,OFF,56,Silty
985,2026-01-03 01:55:00,51.1,23.9,36.4,56.6,1993,NORMAL,OFF,97,Loamy
986,2026-01-03 09:15:00,51.9,31.1,56.0,76.8,2085,NORMAL,OFF,92,Loamy
987,2026-01-01 20:00:00,94.7,25.9,77.0,69.0,2987,WET,OFF,100,Clay
988,2026-01-02 22:00:00,61.2,28.8,58.8,61.1,1705,NORMAL,OFF,71,Loamy
989,2026-01-03 05:35:00,60.2,27.9,38.2,53.8,1518,NORMAL,OFF,71,Loamy
990,2026-01-03 16:15:00,55.1,31.1,42.2,63.8,1674,NORMAL,OFF,74,Silty
991,2026-01-02 09:05:00,50.6,23.9,52.5,62.4,1639,NORMAL,OFF,56,Loamy
992,2026-01-05 05:10:00,24.7,31.5,16.6,23.6,736,DRY,ON,73,Sandy
993,2026-01-04 13:15:00,31.7,36.1,11.2,16.8,468,DRY,ON,97,Sandy
994,2026-01-03 04:20:00,57.6,29.4,69.3,71.0,1482,NORMAL,OFF,94,Loamy
995,2026-01-04 19:00:00,22.5,41.1,13.2,18.9,379,DRY,ON,92,Sandy
996,2026-01-04 16:45:00,14.5,41.9,17.1,13.2,514,DRY,ON,99,Sandy
997,2026-01-04 23:45:00,38.4,32.2,38.6,27.3,768,DRY,ON,68,Sandy
998,2026-01-02 09:40:00,62.1,28.6,68.9,58.1,1949,NORMAL,OFF,78,Loamy
999,2026-01-04 22:10:00,32.0,33.9,28.9,12.2,892,DRY,ON,77,Sandy
1000,2026-01-01 08:05:00,85.3,20.3,60.4,73.6,2854,WET,OFF,84,Clay
1001,2026-01-03 16:10:00,45.3,21.0,55.6,50.2,1189,NORMAL,OFF,89,Silty
1002,2026-01-04 16:40:00,15.4,42,35.7,22.0,752,DRY,ON,69,Sandy
1003,2026-01-04 22:20:00,33.6,38.4,25.5,9.7,696,DRY,ON,60,Sandy
1004,2026-01-02 20:10:00,54.7,22.0,48.5,74.3,1470,NORMAL,OFF,81,Loamy
1005,2026-01-01 22:40:00,85.6,23.5,68.9,73.9,2163,WET,OFF,71,Clay
1006,2026-01-03 06:30:00,53.1,22.1,60.2,47.5,2063,NORMAL,OFF,94,Loamy
1007,2026-01-04 18:30:00,32.6,35.8,38.5,25.8,1023,DRY,ON,62,Sandy
1008,2026-01-02 15:05:00,57.5,23.5,44.7,48.4,1866,NORMAL,OFF,96,Loamy
1009,2026-01-02 09:30:00,66.2,27.9,48.4,74.6,2005,NORMAL,OFF,82,Loamy
1010,2026-01-03 03:15:00,64.3,29.2,51.0,58.6,1355,NORMAL,OFF,79,Loamy
1011,2026-01-01 18:40:00,88.9,22.5,81.2,77.7,2294,WET,OFF,96,Clay
1012,2026-01-04 19:40:00,14.6,36.3,39.2,29.0,1013,DRY,ON,81,Sandy
1013,2026-01-01 15:15:00,76.9,27.7,57.7,79.6,2223,WET,OFF,97,Clay
1014,2026-01-01 11:00:00,93.3,20.1,71.1,85.3,2202,WET,OFF,66,Clay
1015,2026-01-05 02:55:00,20.7,37.8,12.9,24.0,374,DRY,ON,71,Sandy
1016,2026-01-04 08:40:00,50.7,32.2,33.7,70.7,1340,NORMAL,OFF,68,Silty
1017,2026-01-02 05:55:00,76.3,24.5,69.2,100,2820,WET,OFF,90,Clay
1018,2026-01-03 08:00:00,54.9,30.5,60.7,56.6,1775,NORMAL,OFF,55,Loamy
1019,2026-01-01 15:30:00,82.4,23.0,85,92.0,2814,WET,OFF,98,Clay
1020,2026-01-01 21:50:00,80.4,20.9,60.0,85.7,2514,WET,OFF,57,Clay
1021,2026-01-03 15:45:00,50.9,30.1,57.6,40.0,1238,NORMAL,OFF,85,Silty
1022,2026-01-02 01:40:00,93.6,24.1,77.4,88.0,2642,WET,OFF,67,Clay
1023,2026-01-03 09:05:00,56.5,24.0,68.5,69.0,1877,NORMAL,OFF,96,Loamy
1024,2026-01-02 06:00:00,92.7,23.2,72.3,76.5,2236,WET,OFF,88,Clay
1025,2026-01-01 14:45:00,89.8,25.9,66.2,84.9,2848,WET,OFF,65,Clay
1026,2026-01-02 05:00:00,92.4,22.5,54.9,74.2,2438,WET,OFF,99,Clay
1027,2026-01-03 13:40:00,40.1,21.8,63.4,56.9,1026,NORMAL,OFF,83,Silty
1028,2026-01-04 12:20:00,37.9,36.4,19.3,19.1,802,DRY,ON,98,Sandy
1029,2026-01-01 08:55:00,91.7,23.5,72.8,82.5,2758,WET,OFF,65,Clay
1030,2026-01-02 14:45:00,54.5,26.0,45.5,60.3,2071,NORMAL,OFF,91,Loamy
1031,2026-01-04 23:25:00,14.3,27.2,36.7,24.2,806,DRY,ON,75,Sandy
1032,2026-01-05 04:55:00,34.0,41.0,28.4,11.6,747,DRY,ON,82,Sandy
1033,2026-01-02 19:25:00,65.7,32.1,62.1,78.9,1673,NORMAL,OFF,73,Loamy
1034,2026-01-02 05:15:00,74.3,28.1,84.0,69.6,2279,WET,OFF,52,Clay
1035,2026-01-04 22:45:00,30.2,39.4,36.4,8.8,900,DRY,ON,97,Sandy
1036,2026-01-05 01:15:00,26.0,40.8,14.3,25.8,522,DRY,ON,77,Sandy
1037,2026-01-05 04:35:00,30.5,42,39.3,41.3,794,DRY,ON,59,Sandy
1038,2026-01-01 11:25:00,70.5,24.7,62.0,66.1,2889,WET,OFF,60,Clay
1039,2026-01-04 05:15:00,56.1,28.5,48.9,72.6,1502,NORMAL,OFF,75,Silty
1040,2026-01-02 15:35:00,54.5,22.4,37.1,76.6,1818,NORMAL,OFF,95,Loamy
1041,2026-01-01 18:55:00,89.2,29.6,61.1,89.2,2379,WET,OFF,80,Clay
1042,2026-01-03 15:35:00,42.9,33.6,49.2,62.6,1610,NORMAL,OFF,99,Silty
1043,2026-01-02 01:00:00,80.8,20.4,76.1,81.2,2982,WET,OFF,71,Clay
1044,2026-01-02 05:25:00,76.1,26.6,85,84.6,2565,WET,OFF,81,Clay
1045,2026-01-03 11:00:00,42.0,21.2,54.3,71.8,1562,NORMAL,OFF,85,Silty
1046,2026-01-05 01:55:00,14.3,41.3,29.5,23.2,1037,DRY,ON,74,Sandy
1047,2026-01-04 18:40:00,13.1,32.0,31.3,24.7,854,DRY,ON,59,Sandy
1048,2026-01-04 01:35:00,41.5,33.4,35.0,39.3,1610,NORMAL,OFF,74,Silty
1049,2026-01-02 14:55:00,65.6,28.9,40.3,61.5,2003,NORMAL,OFF,63,Loamy
1050,2026-01-02 00:10:00,92.8,25.2,78.2,95.2,2580,WET,OFF,55,Clay
1051,2026-01-05 07:10:00,18.7,41.9,18.2,26.5,648,DRY,ON,96,Sandy
1052,2026-01-04 17:55:00,12.3,28.7,19.7,31.0,1053,DRY,ON,77,Sandy
1053,2026-01-01 12:00:00,77.4,29.0,81.9,74.3,2775,WET,OFF,54,Clay
1054,2026-01-05 06:20:00,39.4,30.7,21.7,24.4,542,DRY,ON,78,Sandy
1055,2026-01-04 23:00:00,23.8,36.0,32.0,36.8,615,DRY,ON,53,Sandy
1056,2026-01-04 19:30:00,28.9,33.2,12.9,21.0,554,DRY,ON,80,Sandy
1057,2026-01-02 04:50:00,93.8,20.9,83.2,91.8,2865,WET,OFF,84,Clay
1058,2026-01-01 22:10:00,77.5,30.5,72.0,71.4,2205,WET,OFF,88,Clay
1059,2026-01-02 03:55:00,88.0,23.3,61.9,97.9,2645,WET,OFF,80,Clay
1060,2026-01-02 04:30:00,77.2,23.9,77.5,96.6,2758,WET,OFF,80,Clay
1061,2026-01-01 10:00:00,81.9,23.1,67.8,91.4,2840,WET,OFF,80,Clay
1062,2026-01-03 22:45:00,43.2,28.5,53.2,72.1,1629,NORMAL,OFF,83,Silty
1063,2026-01-04 12:00:00,36.4,41.3,30.5,15.2,1051,DRY,ON,84,Sandy
1064,2026-01-03 07:00:00,69.1,25.4,61.2,81.1,1652,NORMAL,OFF,91,Loamy
1065,2026-01-04 01:15:00,39.4,24.9,47.8,58.6,1244,DRY,ON,85,Silty
1066,2026-01-04 15:10:00,14.7,32.7,12.0,35.1,836,DRY,ON,54,Sandy
1067,2026-01-01 23:20:00,74.1,21.5,51.3,98.7,2203,WET,OFF,97,Clay
1068,2026-01-04 00:05:00,42.1,21.5,41.6,69.6,1118,NORMAL,OFF,52,Silty
1069,2026-01-02 13:30:00,53.7,31.4,69.5,72.2,1397,NORMAL,OFF,98,Loamy
1070,2026-01-03 11:40:00,54.4,22.0,61.9,54.1,1362,NORMAL,OFF,86,Silty
1071,2026-01-04 19:25:00,30.1,42,14.6,18.4,792,DRY,ON,93,Sandy
1072,2026-01-04 03:45:00,52.7,25.5,50.8,65.2,1118,NORMAL,OFF,79,Silty
1073,2026-01-03 01:10:00,61.3,29.0,62.0,69.9,1908,NORMAL,OFF,92,Loamy
1074,2026-01-02 04:20:00,79.1,28.5,85,100,2853,WET,OFF,83,Clay
1075,2026-01-01 13:50:00,87.6,29.2,84.2,99.5,2646,WET,OFF,86,Clay
1076,2026-01-03 01:50:00,64.5,23.1,44.0,54.2,1603,NORMAL,OFF,53,Loamy
1077,2026-01-04 05:00:00,40.2,28.0,48.6,59.6,1108,NORMAL,OFF,95,Silty
1078,2026-01-02 09:25:00,70.1,32.2,45.5,67.6,1880,WET,OFF,74,Loamy
1079,2026-01-04 10:05:00,56.1,31.3,37.0,39.7,1324,NORMAL,OFF,78,Silty
1080,2026-01-03 17:50:00,47.8,32.7,56.2,67.8,1097,NORMAL,OFF,69,Silty
1081,2026-01-05 00:00:00,12.1,36.5,12.0,6.2,842,DRY,ON,71,Sandy
1082,2026-01-02 04:05:00,85.0,26.6,57.0,92.5,2894,WET,OFF,53,Clay
1083,2026-01-05 06:15:00,16.3,42,19.9,29.6,967,DRY,ON,75,Sandy
1084,2026-01-02 14:40:00,69.2,26.6,39.6,47.8,1692,NORMAL,OFF,56,Loamy
1085,2026-01-04 16:55:00,32.1,40.8,34.6,34.4,1065,DRY,ON,76,Sandy
1086,2026-01-03 20:45:00,55.3,27.4,42.0,53.3,1252,NORMAL,OFF,99,Silty
1087,2026-01-02 00:25:00,84.1,20.2,65.6,75.8,2247,WET,OFF,72,Clay
1088,2026-01-01 17:40:00,94.5,25.4,47.1,85.3,2704,WET,OFF,78,Clay
1089,2026-01-02 12:45:00,61.0,27.4,59.0,61.6,1754,NORMAL,OFF,55,Loamy
1090,2026-01-04 08:55:00,40.2,25.8,53.6,49.6,1179,NORMAL,OFF,95,Silty
1091,2026-01-05 06:45:00,34.9,38.4,14.8,27.0,667,DRY,ON,93,Sandy
1092,2026-01-02 09:15:00,56.4,32.2,59.0,56.2,1856,NORMAL,OFF,52,Loamy
1093,2026-01-02 01:25:00,95.0,23.0,85,100,2176,WET,OFF,82,Clay
1094,2026-01-03 21:50:00,40.4,22.7,35.2,59.9,1259,NORMAL,OFF,81,Silty
1095,2026-01-05 08:35:00,20.9,42,24.5,17.1,973,DRY,ON,82,Sandy
1096,2026-01-02 17:25:00,62.2,32.6,43.3,55.4,1622,NORMAL,OFF,75,Loamy
1097,2026-01-02 21:15:00,68.9,31.0,49.7,66.4,1786,NORMAL,OFF,65,Loamy
1098,2026-01-02 19:50:00,71.2,30.5,54.9,52.3,1625,WET,OFF,89,Loamy
1099,2026-01-05 08:15:00,21.1,27.6,29.6,5,567,DRY,ON,67,Sandy
1100,2026-01-05 06:50:00,24.9,31.0,39.7,20.3,758,DRY,ON,71,Sandy
1101,2026-01-04 18:25:00,37.3,31.1,34.9,43.5,879,DRY,ON,70,Sandy
1102,2026-01-04 11:25:00,20.5,35.4,23.9,5,352,DRY,ON,90,Sandy
1103,2026-01-02 07:30:00,79.2,21.6,61.5,93.3,2584,WET,OFF,95,Clay
1104,2026-01-02 12:00:00,65.1,26.4,60.8,80.3,1760,NORMAL,OFF,74,Loamy
1105,2026-01-04 14:10:00,39.7,41.4,13.6,19.2,735,DRY,ON,61,Sandy
1106,2026-01-03 11:55:00,41.1,22.4,63.2,62.0,1679,NORMAL,OFF,50,Silty
1107,2026-01-01 17:15:00,82.9,24.2,82.3,83.9,3000,WET,OFF,99,Clay
1108,2026-01-03 15:15:00,42.0,30.6,34.1,61.6,1213,NORMAL,OFF,93,Silty
1109,2026-01-02 06:25:00,81.9,25.0,47.4,83.7,2926,WET,OFF,66,Clay
1110,2026-01-02 00:40:00,88.2,23.9,52.3,78.4,2772,WET,OFF,97,Clay
1111,2026-01-04 03:15:00,47.5,23.2,30,74.6,1639,NORMAL,OFF,81,Silty
1112,2026-01-02 17:20:00,52.5,23.1,39.7,77.8,1376,NORMAL,OFF,53,Loamy
1113,2026-01-03 08:15:00,64.6,27.3,47.6,53.8,1799,NORMAL,OFF,66,Loamy
1114,2026-01-03 08:20:00,57.4,22.5,42.2,81.3,1669,NORMAL,OFF,79,Loamy
1115,2026-01-05 02:10:00,14.5,38.7,19.1,35.5,589,DRY,ON,52,Sandy
1116,2026-01-01 20:20:00,90.9,24.7,49.8,90.5,2554,WET,OFF,88,Clay
1117,2026-01-04 02:45:00,45.3,33.7,51.4,63.2,1115,NORMAL,OFF,94,Silty
1118,2026-01-04 02:50:00,39.6,30.5,49.2,69.4,1286,DRY,ON,55,Silty
1119,2026-01-03 19:30:00,49.2,30.3,31.4,71.9,1312,NORMAL,OFF,75,Silty
1120,2026-01-04 16:50:00,30.0,40.0,18.2,6.7,853,DRY,ON,71,Sandy
1121,2026-01-04 08:10:00,55.8,28.7,35.7,57.9,1005,NORMAL,OFF,52,Silty
1122,2026-01-03 17:40:00,47.2,23.0,38.7,70.6,1255,NORMAL,OFF,69,Silty
1123,2026-01-04 03:00:00,51.7,28.0,51.5,59.5,1351,NORMAL,OFF,50,Silty
1124,2026-01-05 05:35:00,17.5,33.8,19.1,34.7,1049,DRY,ON,88,Sandy
1125,2026-01-01 11:45:00,94.3,28.2,85,81.1,2266,WET,OFF,76,Clay
1126,2026-01-02 11:15:00,67.3,29.2,47.4,70.9,1345,NORMAL,OFF,91,Loamy
1127,2026-01-03 11:05:00,56.3,25.5,65,46.1,1620,NORMAL,OFF,79,Silty
1128,2026-01-04 02:55:00,48.5,28.9,42.4,60.2,1679,NORMAL,OFF,54,Silty
1129,2026-01-04 19:15:00,19.9,39.9,32.3,25.3,966,DRY,ON,61,Sandy
1130,2026-01-02 14:35:00,52.0,24.5,58.8,45.4,2012,NORMAL,OFF,57,Loamy
1131,2026-01-01 17:00:00,79.8,27.7,54.2,100,2723,WET,OFF,69,Clay
1132,2026-01-02 22:25:00,70.4,31.0,53.0,51.4,1618,WET,OFF,75,Loamy
1133,2026-01-02 20:00:00,72,23.8,66.0,48.5,2025,WET,OFF,96,Loamy
1134,2026-01-02 10:05:00,61.9,23.1,38.1,67.2,1911,NORMAL,OFF,70,Loamy
1135,2026-01-03 16:55:00,40.0,24.0,43.0,42.7,1672,NORMAL,OFF,90,Silty
1136,2026-01-01 18:05:00,91.6,24.9,73.1,99.2,2147,WET,OFF,72,Clay
1137,2026-01-04 00:20:00,43.7,27.9,55.9,61.8,1279,NORMAL,OFF,67,Silty
1138,2026-01-03 09:45:00,72,27.3,61.9,59.0,2059,WET,OFF,94,Loamy
1139,2026-01-04 20:30:00,15.1,27.7,39.1,36.3,564,DRY,ON,65,Sandy
1140,2026-01-02 20:50:00,62.6,27.3,38.4,53.3,1953,NORMAL,OFF,55,Loamy
1141,2026-01-04 17:40:00,17.3,40.9,33.5,15.1,856,DRY,ON,63,Sandy
1142,2026-01-03 06:45:00,57.6,30.2,62.9,79.0,1602,NORMAL,OFF,59,Loamy
1143,2026-01-02 05:05:00,71.7,30.6,85,78.0,2768,WET,OFF,80,Clay
1144,2026-01-04 21:45:00,30.7,40.2,37.8,23.0,818,DRY,ON,56,Sandy
1145,2026-01-03 12:45:00,41.5,27.5,65,69.0,1529,NORMAL,OFF,70,Silty
1146,2026-01-03 14:40:00,48.6,24.5,36.3,37.7,1139,NORMAL,OFF,90,Silty
1147,2026-01-01 13:55:00,85.9,20.9,64.4,95.7,2286,WET,OFF,63,Clay
1148,2026-01-02 08:55:00,78.7,24.1,65.3,86.6,2813,WET,OFF,55,Clay
1149,2026-01-03 08:25:00,70.2,22.4,57.7,49.1,1833,WET,OFF,67,Loamy
1150,2026-01-02 09:10:00,72,32.1,43.0,81.1,2008,WET,OFF,80,Loamy
1151,2026-01-04 13:50:00,19.8,39.0,13.2,16.7,859,DRY,ON,51,Sandy
1152,2026-01-04 21:20:00,34.4,41.5,28.7,13.1,438,DRY,ON,62,Sandy
1153,2026-01-02 21:25:00,67.3,29.5,56.7,49.8,2075,NORMAL,OFF,60,Loamy
1154,2026-01-03 10:40:00,43.7,33.5,33.8,65.9,1179,NORMAL,OFF,78,Silty
1155,2026-01-02 08:45:00,68.5,27.9,70.4,81.5,2614,NORMAL,OFF,61,Clay
1156,2026-01-03 14:00:00,56.7,28.1,33.8,72.9,1552,NORMAL,OFF,88,Silty
1157,2026-01-04 14:40:00,18.9,39.0,27.8,38.1,417,DRY,ON,60,Sandy
1158,2026-01-05 03:55:00,37.4,40.7,20.2,30.5,1061,DRY,ON,94,Sandy
1159,2026-01-01 09:35:00,74.5,22.6,68.1,71.7,2849,WET,OFF,98,Clay
1160,2026-01-04 03:30:00,46.9,31.5,38.2,63.0,1496,NORMAL,OFF,83,Silty
1161,2026-01-02 02:15:00,76.4,31.0,77.2,86.7,2887,WET,OFF,58,Clay
1162,2026-01-02 21:55:00,66.5,24.9,57.9,67.9,1784,NORMAL,OFF,67,Loamy
1163,2026-01-05 00:45:00,27.2,31.5,15.5,34.1,507,DRY,ON,60,Sandy
1164,2026-01-02 05:35:00,85.5,27.9,50.1,81.3,2402,WET,OFF,61,Clay
1165,2026-01-03 22:20:00,49.9,31.2,36.4,53.2,1592,NORMAL,OFF,52,Silty
1166,2026-01-03 14:35:00,46.4,24.1,56.5,71.4,1278,NORMAL,OFF,97,Silty
1167,2026-01-04 08:20:00,54.4,26.9,40.6,57.3,1012,NORMAL,OFF,76,Silty
1168,2026-01-04 02:15:00,48.9,29.6,49.7,42.5,1393,NORMAL,OFF,73,Silty
1169,2026-01-02 16:25:00,50,28.3,60.3,54.1,1821,NORMAL,OFF,50,Loamy
1170,2026-01-05 03:25:00,34.3,42,28.6,17.3,1041,DRY,ON,71,Sandy
1171,2026-01-01 18:35:00,78.7,20.1,84.1,99.5,2150,WET,OFF,68,Clay
1172,2026-01-03 13:05:00,55.3,33.5,38.2,58.0,1664,NORMAL,OFF,99,Silty
1173,2026-01-01 08:20:00,86.8,23.7,53.5,99.3,2444,WET,OFF,72,Clay
1174,2026-01-04 00:55:00,51.7,30.2,45.2,44.3,1229,NORMAL,OFF,89,Silty
1175,2026-01-03 13:30:00,53.6,33.2,56.7,55.8,1461,NORMAL,OFF,61,Silty
1176,2026-01-02 05:45:00,94.5,25.3,85,67.1,2492,WET,OFF,71,Clay
1177,2026-01-03 22:50:00,52.6,27.5,60.6,70.3,1238,NORMAL,OFF,62,Silty
1178,2026-01-05 09:50:00,22.4,36.5,29.2,30.5,768,DRY,ON,57,Sandy
1179,2026-01-02 03:50:00,80.3,26.7,68.0,79.0,2727,WET,OFF,89,Clay
1180,2026-01-02 16:10:00,55.2,30.6,44.4,80.5,2089,NORMAL,OFF,71,Loamy
1181,2026-01-03 18:05:00,50.7,29.2,33.1,56.0,1326,NORMAL,OFF,59,Silty
1182,2026-01-01 23:15:00,79.4,24.0,64.1,74.0,2319,WET,OFF,62,Clay
1183,2026-01-02 03:05:00,71.5,24.1,70.2,77.2,2577,WET,OFF,59,Clay
1184,2026-01-01 23:00:00,94.0,26.6,53.1,69.0,2779,WET,OFF,91,Clay
1185,2026-01-03 09:40:00,65.1,26.7,49.7,80.0,2014,NORMAL,OFF,64,Loamy
1186,2026-01-02 03:45:00,73.4,25.6,69.8,72.3,2240,WET,OFF,83,Clay
1187,2026-01-03 04:15:00,67.0,32.3,57.1,53.0,1939,NORMAL,OFF,93,Loamy
1188,2026-01-02 22:10:00,59.5,25.1,52.2,72.8,1400,NORMAL,OFF,64,Loamy
1189,2026-01-02 23:50:00,68.4,31.2,65.7,52.2,1399,NORMAL,OFF,97,Loamy
1190,2026-01-04 10:35:00,51.6,22.5,31.6,59.7,1225,NORMAL,OFF,55,Silty
1191,2026-01-05 07:55:00,28.7,27.9,21.3,10.5,605,DRY,ON,55,Sandy
1192,2026-01-04 01:10:00,53.4,28.9,34.5,39.1,1109,NORMAL,OFF,91,Silty
1193,2026-01-04 00:25:00,40.3,33.5,49.7,39.1,1555,NORMAL,OFF,70,Silty
1194,2026-01-03 18:35:00,44.5,33.0,33.3,61.9,1433,NORMAL,OFF,62,Silty
1195,2026-01-01 19:05:00,91.2,28.0,84.7,100,2923,WET,OFF,75,Clay
1196,2026-01-05 10:20:00,26.5,31.1,22.7,37.2,608,DRY,ON,84,Sandy
1197,2026-01-02 22:15:00,54.4,32.7,50.5,78.0,1575,NORMAL,OFF,88,Loamy
1198,2026-01-03 16:50:00,48.6,30.5,63.0,38.1,1221,NORMAL,OFF,56,Silty
1199,2026-01-01 23:30:00,90.4,28.5,79.6,71.1,2548,WET,OFF,96,Clay
1200,2026-01-04 20:00:00,22.0,36.8,33.1,6.4,1027,DRY,ON,75,Sandy
